post_id	preds
1	['8fkzc445', 'j0bu0upi', '1fxb5vru', '5t16srpn', '4mlz5w0j']
2	['evf9nz05', 'gz84xy6q', 'gvtp8s8b', 'f6vau5s6', 'ber57pvj']
3	['25aj8rj5', 'emg87q94', 'gvtp8s8b', '4pyx0xps', 'gz84xy6q']
4	['ru2ty1y9', 'wabd3b9z', 'bnkggl84', '5gshj480', 'qbhw96wv']
5	['f5p37j7g', 'nzat41wu', 'ebvarrr7', 'dgcawqyk', 'v6w9mlsa']
6	['emg87q94', 'qgzc1moh', '2ui7z8wi', '2dixw8up', 'v1uoy0sd']
7	['zyrvgaql', 'kvu0hgjf', '2a12nsnl', 'x5htdsbn', '8rvhqd9b']
8	['zjur5j95', 'sgo76prc', 'b0wy5zz4', 'w1bx4a7v', '121p2shq']
9	['kq0cu73r', '611ih9pl', 'atnxkvy6', '7b570emm', 'ngpl6xs1']
10	['emg87q94', 'qgzc1moh', '2dixw8up', 'qq46f7fu', 'd8xgzvda']
11	['l4u01fzk', 'gtbegs4r', 'jp80u828', '1aruw47h', '5pe3wag3']
12	['yzn6jibu', 'yztfkwkc', 'gunn55f9', 'l6bnxi40', '7kxi7px1']
13	['mwvcd5eo', 'idhbd102', 'vxv7pq8v', 'acfa95vw', 'slzh6uay']
14	['geo7ac5i', '25aj8rj5', 'jfeamjqu', '4pyx0xps', 'z65wm00n']
15	['nbdk83ok', '9p2pzsx0', '8jbisapd', '4rzttwyp', '08p8ns2d']
16	['b2w95zcb', 'imheos0p', 'u99omznb', 'reigmh19', 'i6qoo03c']
17	['h2uc7ria', 'k2qj6o7j', 'ccxnsmia', '9im9gqw6', 'qvuuhkg6']
18	['1s8jzzwg', 'w1bx4a7v', 'y43prnko', 'pdfl15fz', 'qi1henyy']
19	['emg87q94', 'qgzc1moh', '2ui7z8wi', 'gvtp8s8b', 'qc6untrw']
20	['cnmawglq', 'e1mnj7bf', '1aqf98e0', '7zngkwoh', 'wn98fql3']
21	['s2hp3sat', 'dgng39yd', 'jgq968f6', 'ykxr9q1j', 'wnlse824']
22	['hgpiig0g', 'jnmpyovl', '30pl5tx3', '7vsv726x', 'zjur5j95']
23	['jp80u828', 'mcm8hvjx', 't1vom8f3', 'sdij1d90', '8wnnao8o']
24	['dt7hip0z', 'onjgfr4j', 'raw2mt47', 'wk61uyrt', 'abmrgpbm']
25	['uzry86hi', 'n9nu5n44', '4z8i83p4', 'ezrarusj', 'p7rpfsph']
26	['i0bc6k81', 'emg87q94', 'vrs88dcy', 'c3v7rf1m', 'ebvarrr7']
27	['kl3mfkoh', '3akrube4', 'q3h8afld', '6gcahsgs', 'ge8o93rh']
28	['a0q61mpi', '9gn4jcu9', 'lh18omnj', 'iu4p5k0w', 'r58aohnu']
29	['9iomlhpv', 'fg9cy17k', 'akkwvf36', 'y3vhezw8', 'q9d88fxx']
30	['qgzc1moh', 'emg87q94', 'wcyqks52', 'vw8a1994', '2ui7z8wi']
31	['v6w9mlsa', 'v7udqoi0', 'gatxuwz7', '6hhauza0', 'is9a77dk']
32	['o7qytdl5', 'mt0c57cp', 'mja2qlpk', '1s8jzzwg', 'h2lnqvsv']
33	['7zngkwoh', 'iylmvmv3', '1vcc1khg', 'fj6l76hq', '7zdi0y2s']
34	['hgpiig0g', 'snlukr6c', '4gj7qdtw', '8gl323hs', '3udfl0a2']
35	['7tp8z7n8', 'qq46f7fu', '71c9w51t', '2dixw8up', '4jjuwc9r']
36	['855atuue', '2lap3xy0', 'l2i3aa3k', 'iy8pp5ey', '2hfkrl8m']
37	['8l1vfsbc', '6zfeeuy3', '08p8ns2d', 'ppe8br4z', 'aqke0012']
38	['tn8houmc', '9btdjktj', 'tzp03hmr', '2tax8ajw', 'g4250q6l']
39	['lr5lumdr', 'ovowswd7', 'cg6v3yma', '5w4cc534', 'uqmblefe']
40	['wr6qa1vr', '5tkxucuw', '2eo9woav', '784gmskn', 'eoumpu50']
41	['y0u00y67', 'c7g2ah72', 'dqlay9br', 'w01dub6y', 'u5g1twfg']
42	['ike8mgh6', 'vrs88dcy', 'emg87q94', 'b7w2n36j', 'l4y7v729']
43	['52lf5gzr', 'gcsew8u3', 'gvtp8s8b', '6cx33se3', '85jx7i06']
44	['s0ca1r5s', '1l4o9pko', 'bttme4wn', 'cqi3r0xz', 'm1sf159a']
45	['726t123x', 'vc6j8ao2', 'klqji8gj', 'w3d33mq0', 'rk9hsw2b']
46	['m1tv7mgm', 'yx0u0iyw', 'la2wvnb0', 'xegy9krj', 'r0nmq9ne']
47	['0extp6r3', '25aj8rj5', '4pyx0xps', 'mja2qlpk', 'bqdvx458']
48	['fe456in0', '6vqf2n5j', 'yuw7dvcn', '5m23wtpi', '6xxm7hcs']
49	['bqy5eo3p', 'xthxesgk', 'il4wa97x', 'zb7ge4b8', '2pufns7d']
50	['4hmecfi0', 'mom4y7cl', 'h13p6ogs', 'entkqcn3', '296ilxyg']
51	['uj5deryi', '0pptqw7o', 'qc6untrw', '9n7a9g78', 'uexahhdr']
52	['zghh0zbd', '3ubithu4', '9b6cepf4', 'wc2z79n5', 'njpq3sq2']
53	['u7ligk1k', '5xk20hs5', 'fu685z9a', 'h9nzxlaf', 'cmc02ybp']
54	['4ehxnzc7', 'xi17qo6z', '68d30i8k', 'jlnc3u6q', 'g2bt258c']
55	['vvmb92wo', '2bupc5jh', '0vlh67jw', 'cnmawglq', 'iylmvmv3']
56	['vc6j8ao2', 'r1tp27z8', 'qn18rhcs', 'r0taoqsw', 'gtol0evh']
57	['2dixw8up', 'emg87q94', 'dq3qunwe', 'qq46f7fu', 'qgzc1moh']
58	['lvbutmio', 'opda8pjy', 'cj6o6ady', '4ckob7b0', '033phqmd']
59	['ezrmuw48', 't22hwoeb', 'l4u01fzk', 'dljqpvyk', '8w43qkqu']
60	['qlwergum', '5g02ykhi', 'tk0iwpnb', 'dlwfu274', 'u89jd28e']
61	['hsgmg99x', '0ogmwreb', 'csflacrq', 'n24k9s1s', 'mfpgbqc8']
62	['c0ipfbeg', 'jzosdlu7', '9qbq7hwy', 'k36rymkv', '6fpw6y8t']
63	['5o9bbspc', '4pcv1i3i', '195h4ofw', 'zu5mg2im', 'tl1o1wr9']
64	['mmr04tsm', 'su028g3j', 'gsgbhqwl', 's4l216x9', 'vp2t4xkn']
65	['ixhaq0az', 'kkbed30m', '4vkkaqhz', '5w4cc534', '21lbbcxy']
66	['uejtwgar', 'fad1yyqx', 'ygn9oiir', 'ld7lhdi1', 'bf9omgla']
67	['jo38hjqa', 'cvkdpnn3', 'ekal5251', '5zt4qx4q', 'awzozt7u']
68	['4pyx0xps', '25aj8rj5', '7auounlr', '65efipbi', 'kzl1dx8i']
69	['kayh0v56', 'lpar7tc8', 'cfhu5246', 'zvlbs4cc', 'b9nqcbf7']
70	['4gxff3rd', '7f33cu6l', 'vwrhypnl', 'idlmau69', 'rg3iygo4']
71	['53t1mhnb', '9k4pwc2h', '6c47sm6i', 'd0s3vl2w', '80xhhcpm']
72	['d6ow67k9', 'wtovv1jy', 'vpqwkmlv', 'fgdzfr39', 'gg5c8v7d']
73	['qdmkx03t', '3tfof5nd', '9k6uqs2q', 'wgfdd3lm', '8l5i1z27']
74	['ovel2jln', '4wi9lln9', 'qfrabyp7', 'h2lnqvsv', 'gvtp8s8b']
75	['5lzixulv', '0bh8i14e', 's4xintwp', 'o476dtgd', 'uohbxoeb']
76	['ngywgodg', 'isivkz8b', 'f6i46t3h', 'cgc0v1dg', '164yx77a']
77	['yadb7gwj', 'i6mdlf36', '1adofojj', 'tbojvfq6', 'tiqksd69']
78	['emg87q94', '5q8k71et', 'q17jutw0', 'c4h0x85r', 'jeyo5qs9']
79	['2rx84imv', '2f7wqamp', '607lsqlg', '1s8jzzwg', 'xtraspw2']
80	['7qxs79qy', 'jc26e39s', 'emg87q94', 'd6mt6nze', 'gz84xy6q']
81	['7yocj24n', 'h8ykn6ut', 'kgmugkmw', 'kq6rups8', '3lfmmfp2']
82	['d0cd89hs', 'emg87q94', 'vrs88dcy', 'l73htuz1', 'gvtp8s8b']
83	['qgzc1moh', 'g15tvzn4', 'rlphji4q', 'g3ny530a', 'ro29tdt8']
84	['ca3h96bx', '5azti19e', 'fq9wx29o', '2u9eenwu', 'octtj2vf']
85	['bn22k0p3', '9xxv8a2d', '29z4q4fs', 'yrbgdica', 'g41pd9uz']
86	['y43prnko', 'wq92nfnd', 'ai60maqz', 't0iw2vod', 'opjfy3xr']
87	['hlulg3wf', 'rqqyym05', 'mp6ijj8d', '08h4198w', 'l4u01fzk']
88	['1ef8ac5c', 'wjktna81', 'yynwksqt', 'n6d6ebhm', '6hkqe14l']
89	['mim419b8', 'nfx86mkj', 'iimx8nt8', 'xs0kxf25', '2hbcbvt6']
90	['kbaqqxxr', 'yy7bcfzz', 'jlqpwfwm', '2s1io2fg', 'azl5dj74']
91	['s86zb5up', '2kh4iw8h', 'tc21pcjw', 'ubhv7my6', '4qgfjczw']
92	['lvvw1npq', 'igm2qr4p', 'ge8o93rh', 'fgj2lvbg', 'f3eogz0n']
93	['kt47i60w', 'dq3qunwe', 'snlukr6c', 'hqod7v2l', 'w0ebmg16']
94	['8gl323hs', 'hfk8nikl', 'hib9l7yz', 'bccrvapy', 'iseh0z9c']
95	['1l4o9pko', 'aakzdkcj', '9wnkmn27', 'vrjibtfi', 'lm73oj21']
96	['ukdylwb7', 'zj3oixvk', '5gshj480', 'ruegzkoo', 'm39qdgey']
97	['emg87q94', 'qgzc1moh', 'd8xgzvda', '2dixw8up', '2ui7z8wi']
98	['dbxufi3m', 'yqx0xqz9', 'b4dz1lnn', 'fbtyz7tk', 'f6j1yhvp']
99	['ue58uvot', 'jgq968f6', 'wr4r7jd8', 'asj7352n', '0ogmwreb']
100	['ghabnnv0', '5s1uj2qi', 'y4m987yn', 'k7vjqzx1', 'o6dd2vu1']
101	['u95kg3m0', '4img2we6', '8wqii0nd', '1b5hb0g9', 'sr06ejmv']
102	['aj885nl0', '2w6p6jji', 'dsz66r4u', 'hkk23tqt', 'z92xqedn']
103	['6y6e5qgj', 'a3i3t6od', '8lnjbxe5', 'ypqusgs3', '6d5tp5hy']
104	['tra5ewc5', '9mn6trtn', '763v4duh', '1s8jzzwg', 'f4jx3b2q']
105	['ogrlupbx', 'y047cuxp', '7qpwux9w', 'k8wb51i7', 'ls408b2b']
106	['4gj7qdtw', 'o7ww2prj', 'y6zisciu', '1v8xf5uy', 'yhmuvort']
107	['suw0h7s3', 'j6uxowyu', 'cr2cute3', 'u6a65x9h', '2jwuzfan']
108	['y43prnko', 'ys7azmv7', 'vx1hjh26', 'knbngla3', 'pdfl15fz']
109	['hgqohdct', '33znyrn8', '8co5gwkz', 'lvvw1npq', 'iwc72ymq']
110	['6kbdxhxv', 'ut1k8xe7', 'o47v5vgw', 'zjnry1ny', 'xutbbxpr']
111	['k2qertx2', 'bu59aji5', 'wr6qa1vr', '7momt81r', '8ztv34hs']
112	['9bhi3rqu', '7fua7kgs', 'b36vq2pj', 'qdmkx03t', '3tfof5nd']
113	['72f64kpf', 'wbso4fci', 'hzv51czu', '8wyfvk1k', 'b36vq2pj']
114	['emg87q94', 'eagkc9ty', 'l00jvzth', 'b4tqd8wx', 'qgzc1moh']
115	['65ois1qn', 'df65w0lx', '2f09vauy', 'yn2aylru', 'l3bruaeh']
116	['mmh5znrq', 'qvuuhkg6', 'y6jw3gws', 'xi17qo6z', '0u4nmrq4']
117	['emg87q94', '479wkesk', '4cqf9v2v', '1l7hldfh', 'h8c8lc0a']
118	['opckeugf', 'lpoxaetv', 'sok0cyd3', '0g4xxy3j', 'jvog9dpj']
119	['iha9gjt4', '607lsqlg', 'eg5snpzs', 'k18k0kuk', 'mjm2kap6']
120	['emg87q94', 'qgzc1moh', 'wcyqks52', '2dixw8up', 'q17jutw0']
121	['k3mz6lf1', 'p3ytwqeg', 'zbkx78mm', 'mf73oqp6', 'cc23zega']
122	['913sln1q', 'tki4l0gb', '4bw26042', '7nssge06', 'r9datawi']
123	['8cvjsisw', 'emg87q94', 'qgzc1moh', '2dixw8up', 'zt5alyy2']
124	['4budtw8s', 's9b631ee', 'maxbdi99', 'emg87q94', 'eje3i558']
125	['o8gdpf0i', 'wtb51big', '6i9yw83j', 'ufniziwd', '2i7zd1t2']
126	['gw6qnwe3', 'mmr04tsm', '34ulkvl4', '5frs2nhl', 'dlwfu274']
127	['k6cumncp', 'a0q61mpi', 'mmr04tsm', 'wtxhbzr9', '1fx7x8af']
128	['qj1v04cf', 'bs8tdve2', 'l73htuz1', 'n2wqalcu', 'qc6untrw']
129	['qgzc1moh', 'emg87q94', 'eagkc9ty', '2ui7z8wi', 'qq46f7fu']
130	['aaznc5qi', '8nil3u2k', 'jki3gdxl', '0phf73r6', '7jwqm0b2']
131	['o7ww2prj', '20xgqvxc', '6entp07f', 'qv6oxjwd', '78wu4kgv']
132	['emg87q94', 'qgzc1moh', '2ui7z8wi', 'd8xgzvda', '1otgdo19']
133	['qqwqmn2z', 'st3fyb64', 'vd1lldjj', 'rll6asw2', 'y6jw3gws']
134	['4pyx0xps', '25aj8rj5', 'jnmpyovl', '32ut5vr7', '7vsv726x']
135	['y4m987yn', 'hpbcwiwf', 'wslsqytj', 'gha1wg4w', 'ua7hsfma']
136	['zkb1zbvq', 'hfbi7sk5', '828s0mtz', 'r440fw19', 'o29hjkca']
137	['hhuu7ol8', 'p6uliadr', '8gl323hs', '4cnk76lb', 'dbwew1op']
138	['4unn3fmu', 'vdgu6h0a', 'g3hujz5o', '1xvj7xq7', '0ndauq8m']
139	['7krl4xlg', 'jn2omyez', '9gx3s4zq', 'rej743ia', 'xkmy79p9']
140	['9n28nniu', 'snlukr6c', '3w5ouagx', '4iuxm6z2', '6wsa54w2']
141	['gttuxtw6', 'jtwb17u8', '06yuz5pn', 'bctb0ewu', 'of9wlhga']
142	['rmyy6fni', 'emg87q94', 'wcyqks52', 'zu5mg2im', '84z7jgcl']
143	['mqzus147', 'spohl5ey', 'pmd78j61', '6gj02k04', 'wa4gt5sy']
144	['tra5ewc5', 'iu4p5k0w', '5yscqct1', 'erygg5u2', 'fa05sovj']
145	['vu1f1hp6', 'b9vm3x3w', 'ksvw62gl', 'vp2t4xkn', 'ttpbs13r']
146	['emg87q94', 'qgzc1moh', 'wcyqks52', '2dixw8up', '2ui7z8wi']
147	['nz976qc6', '2l883zhe', 'fub50lvt', '9wnkmn27', 'rh2jrojk']
148	['x84su3ki', 'n86w4vkx', 'w3fxltzw', 'awx9lcfk', 'xee6npr3']
149	['4jjhc5zo', 'ffyavhm0', 'v3lcyzj5', 'o7ww2prj', 'il5307pl']
150	['q5f98qzk', '1xycng32', '2my9o9fy', 'emg87q94', 'p6k449j5']
151	['ultl3rpu', 'oap7i5ea', '250glj07', '70s04wty', '8r8586br']
152	['5zt4qx4q', 's0374olh', 'fk62t9ym', '35vfjer8', '1mx3jrup']
153	['fq9g84wc', 'wdvuweiq', 'zjur5j95', '0yysikc1', 'asj7352n']
154	['1u38iqip', '0bczgiyy', '8wnnao8o', 'bp2ilntr', 'u6a65x9h']
155	['dcfqvp4p', 'trrg1mnw', 'idhvf9vr', 'g4ve91g5', '0o7rm667']
156	['hfbi7sk5', '42i1i6br', '828s0mtz', 'r440fw19', 'wwgx9qip']
157	['xnrb0byz', '8o2xddof', 'fub50lvt', 'belhjr5e', 'l97yi8l9']
158	['b0dzhsrh', '7zdi0y2s', 'iylmvmv3', 'hqapg5ow', 'eay6qfhz']
159	['emg87q94', 'zcnr1e2f', '9qo95a1c', 'zcxxk9hd', '7w0e546g']
160	['jz6o9gnb', 'b7w2n36j', 'lm73oj21', '4mlz5w0j', 'fiiyythk']
161	['2q6qmex3', 'ezrarusj', 'vrs88dcy', 'uzry86hi', 'owbv8ua4']
162	['1aqf98e0', 'w3ls1d7w', 'e1mnj7bf', 'mdewdbqs', '1vcc1khg']
163	['lr5lumdr', '4dsq1dds', '32ua8wb6', '2hfkrl8m', 's96beqsh']
164	['ojr558x6', 'qt3kk30m', '4zxfghz3', 'hyezouy8', 'hunepli1']
165	['anu3pahh', 'eauby68p', 'smagtwzs', 'c2a07zg0', '8xpenaxt']
166	['d6ow67k9', '6wsa54w2', '1cpjqav4', '30pl5tx3', '7vsv726x']
167	['emg87q94', '2dixw8up', 'qq46f7fu', 'qgzc1moh', 'eagkc9ty']
168	['emg87q94', 'nvbt5gxl', 'e49rdu76', '6a8j7hjt', 'qgzc1moh']
169	['uxz185vr', 'klh90lvp', 'jfvq2gfx', 'ny7wkswf', 'pfc31r4o']
170	['qexarxjl', '4jjuwc9r', '72f64kpf', '4img2we6', '4socpj73']
171	['gqmicba6', 'q1nye2ih', 'e4y6l4lx', '2fokjcjr', 'scw4p9wq']
172	['mnjy6bq2', 'xtraspw2', 'knbngla3', 'dxrltm25', 'mcmqx7og']
173	['b2w95zcb', '7tto4hr7', 'yn7e3do9', 'ghabnnv0', '7kxi7px1']
174	['fe72aj3a', '25aj8rj5', '5b9jytph', 'hgpiig0g', 'krh63hqp']
175	['gzk9xbzk', 'ach2lhhe', 'am2rrgrb', 'wr9ko6l5', 'm6zc7wv0']
176	['edz3up3a', '24u6q3ae', 'n2wqalcu', '164yx77a', 'ksf2tpdw']
177	['x1uc10m5', '69fmtury', 'yhap30qx', 'mw0wb8a8', 'wcyqks52']
178	['2jfo2csi', 's01g5wxg', 'hfk8nikl', 'dcli6uaq', 'gbpfypmn']
179	['qc6untrw', 'gvtp8s8b', 'vrs88dcy', 'ag18sokf', '4hmecfi0']
180	['25aj8rj5', '4pyx0xps', 'gtp5daep', 'h82s5xst', 'geo7ac5i']
181	['k2f667sc', 'rcaxap24', '2iupb6gj', 'hakbt2zp', 'oo4zwcdb']
182	['y0qrxya9', '7clr6hbf', 'fjuehj70', 'y98m15aq', 'uy1xibll']
183	['jwei2g97', 'li8kvzdh', 'kit7dfi2', 's86zb5up', 'gnh6ukge']
184	['mo3y3mau', 'nyvmlxqf', '30pl5tx3', 'u3832seg', 'rztwiflt']
185	['hert77y1', 's0ca1r5s', '9xpbwf9c', '2v6zigt8', 'roe6g61u']
186	['8t5r7ts4', 'emg87q94', 'qgzc1moh', 'gd19rkm2', 'dxks8jiv']
187	['emg87q94', 'qgzc1moh', 'eagkc9ty', 'wcyqks52', '2ui7z8wi']
188	['ba9uog5m', '6cx33se3', 'ptnpgh3j', 'ex6ktyl6', 'bk3ss63e']
189	['rpa2v44v', '1ad18z11', 'sfr2nsmi', 'edr7hrhp', 'xco6yr7o']
190	['is9a77dk', 'fai1kymu', 'omz42d9y', '71x3b75z', 'bqn29m9k']
191	['hqapg5ow', '8ko7mmu3', 'w2c01295', 'usyduiti', '5u63aqo5']
192	['gcsew8u3', 'v0y734lu', '9195zweg', 'ryj83uw3', 'vryngrq8']
193	['n5kgdoln', 'iur7s6vz', '9ez3igd4', 'z2jtzsl6', '01bjz2qq']
194	['53t1mhnb', '121p2shq', 'ronhrs29', 'b2w95zcb', 'mfpgbqc8']
195	['cfkh0ypy', 'yxkub54e', 'h83qgmnq', 'x996e0cn', 'ouno4jpl']
196	['efm6zj9r', '25aj8rj5', 'l4u01fzk', 'mja2qlpk', 'p7cbnrji']
197	['cbhlzemx', 'von13s78', '5cog8xyr', 'ksjkypzx', 'sy8sloqo']
198	['sgo76prc', 'gtwg0m54', '1s8jzzwg', 'vrs88dcy', 'emg87q94']
199	['s0w95qdn', 'e85xdrcw', 'ch7nna59', 'tvzn0112', '32v44sw9']
200	['rr0v0ju1', 'bttme4wn', '8xgp6nhy', '0phcscz8', 't3qn61pn']
201	['h0q93in1', '6xxm7hcs', 'gk3wr6s1', '7a8ym7uj', 'extp8epx']
202	['amw2c96l', 'qa1tbu6t', 'r7aqsyfl', 'i1icueuw', 'dkfohub3']
203	['ky5env7t', '92f2xg0y', 'ws3tfs1j', '2u9eenwu', '6sy80720']
204	['t3dzso36', 'ixhaq0az', 'nxu1xoax', '94to2qp3', 'b35rzdga']
205	['25aj8rj5', '30pl5tx3', '4pyx0xps', 'hgpiig0g', 'y33jkc01']
206	['2f7wqamp', 'qc6untrw', 'gz84xy6q', 'l73htuz1', 'vrs88dcy']
207	['ujq9mxk7', '2uwnamao', 'y4m987yn', 'z3ock8ar', 'fdkt6moe']
208	['784gmskn', 'extp8epx', 'xi2whtvr', 'jn68rbvb', 'aqutzlx4']
209	['utak6i4e', 'g0wujywh', 'vmizkujc', 'd2fc2kw5', 'j4p46aiv']
210	['rr0v0ju1', 'tve01g7i', 'evf9nz05', '296ilxyg', '1vcc1khg']
211	['emg87q94', '33wpjnko', 'v6w9mlsa', '65fwicjz', 'vrs88dcy']
212	['d4upbc3v', '17km3arw', 'mmr04tsm', 'eu1dgkw2', '2oi5km6u']
213	['tgqcnfa0', 'rdmmnnjd', 'jm4dmnxz', '6eivv0d9', '8nil3u2k']
214	['37gpov43', 'sg1e404x', '4u3v4vyu', 'i5h0gm3u', 'm5s67z8x']
215	['nli8ccyv', 'dyrn6z9a', 'qxwjpv40', 'rtus1qyw', 'uddwc4tu']
216	['6pruwy09', 'wt6azxc1', 'z77wg8j9', 'v1uoy0sd', 'fhxgzm2i']
217	['svsib7yj', 'b0wy5zz4', '4gxff3rd', 'f60z8jo2', '4zxfghz3']
218	['7fociv5v', 'emg87q94', '08p8ns2d', 'ldcim3cw', '4pyx0xps']
219	['4yi9iup2', 'duqgd4gs', '7axo7k51', 'bsq640o8', '1h01ziqb']
220	['1xycng32', 'mja2qlpk', 'nosh8awp', 'taz8f384', 'jmhexmet']
221	['l8zfuhzk', 'wdvuweiq', 'jjiiutd5', 'c59vfq1o', '0yysikc1']
222	['71ywsj3a', '79niee4r', '2ccxiqea', 'f74g59b0', '5ax78ysz']
223	['5a5a8ifz', 'obhm5mc5', 'ypls4zau', '4qp083h4', 't0zphgfl']
224	['8anqfkmo', '5hei9fac', 'l6kcpnbj', '34y9fx51', 'x7ybnese']
225	['wdfzrzkt', 'foy3dsq4', '3urmf3ie', '0iqdqcp6', '8xf8u6bg']
226	['qlwergum', 'rytw6rfd', 'ssmw2jef', 'ur3qbq7t', 'nl1ud0rz']
227	['gk3wr6s1', 'far6giyb', 'oud5ioks', 'wrl7buxr', '1znaobgd']
228	['ny7wkswf', 'uxz185vr', '3i82sxk8', '32e1uxhl', 'styavbvi']
229	['emg87q94', 'sdsmy0bw', 'c8rgn7e9', 'fkbup9qh', 'fqdv3ohv']
230	['pf45ex8k', 'ml27mexb', '7368psat', '64l9la82', '88ug0a83']
231	['ybjnep46', '2bupc5jh', 'dxrltm25', 'fj6l76hq', 'q4aqkr0w']
232	['egn81atf', 'faue5ywu', 'l3a3polk', 'cjfn4dna', 'fai1kymu']
233	['emg87q94', 'vvuaegse', 'wcyqks52', 'qq46f7fu', 'eagkc9ty']
234	['us518bwp', 'br0hhzmn', 'met50keb', 'ler0t9o0', 'p9fhtjen']
235	['u4doukk7', 'uitc2tru', 'wu2dyleo', '9n28nniu', '09q2so3j']
236	['5i0m18nt', '0klbjvrj', 'ler0t9o0', 'w3zic0on', 'uhtwkkk3']
237	['eeev3k9x', '2kft1r3l', 'ny6zepe9', '96mcmf2g', '8i9xwogu']
238	['8ko7mmu3', 'mja2qlpk', '1vcc1khg', 'xtmn1n0r', 'a0q61mpi']
239	['emg87q94', 'gz84xy6q', 'qc6untrw', 'awx9lcfk', 'ovel2jln']
240	['2xzntu5c', '1vmicejr', '2u5zxc2i', '01bjz2qq', 'jbom8iq6']
241	['6sgeraws', 'vrs88dcy', '40vsmpfv', 'l73htuz1', 'ge8o93rh']
242	['h2sza0if', '607lsqlg', 'gu4mz2vp', 'ybjnep46', 'knbngla3']
243	['fiiyythk', 'ovel2jln', 'gz84xy6q', 'mja2qlpk', 'emg87q94']
244	['xokujzbl', '93y40vnp', '06fwhyac', 'k4ttbbix', 'k4xafh5y']
245	['2ax0z8r6', 'axa9cqk6', 'b4161ynv', 'mqu6d8sp', 'apx6a4yb']
246	['nf6n6afo', 'p97kgjmp', 'fw7yp9jv', '6rpm4phy', 's9lkvzpo']
247	['zjur5j95', '3lzm42wq', 'v67s4yz9', '7n6pva1l', 'gha1wg4w']
248	['gha1wg4w', 'knlc3bxh', '8pli09ym', 'gxk5t1yp', 'wf72fra8']
249	['v0frkv96', 'cfi5zhgu', 'vpih1wvs', '32ua8wb6', '2eo9woav']
250	['emg87q94', 'wcyqks52', '2dixw8up', 'qq46f7fu', 'qgzc1moh']
251	['mxg2q1vd', 'q23a5txz', '6qhcsimu', 'nuu9l5kx', 'z4ibcgea']
252	['2dixw8up', 'emg87q94', 'qq46f7fu', 'jp80u828', 'a66sszp2']
253	['3eu5n942', 'xli7wyg4', 'ec6ov0jw', '1gbq9j88', 'm80rklg5']
254	['m8xfza1d', '2tax8ajw', '0tn06al2', '78kbutc3', 'g3z9fp31']
255	['wdfzrzkt', 'foy3dsq4', '3urmf3ie', '0iqdqcp6', 'zmc0kl4r']
256	['xezpzl91', 'l5kr2dw8', 'mqu6d8sp', 's2811lpo', 'xhkjbeam']
257	['entkqcn3', 'b4dz1lnn', 'lrqt2gcw', '4hmecfi0', 'bn0fegqg']
258	['fxvro3wl', '3fiqpart', 'od5nnxvg', '5zn5mgi9', '8k2v0u19']
259	['n1q1wr9s', 'arma6a4j', '9195zweg', '69wuny3p', '3lfmmfp2']
260	['v1ei9im8', 'mg7dfs1r', 'cnz7jlw4', 'kiq6xb6k', 'alc0jsh9']
261	['ajzl3y46', 'ogchq8gz', '353wr671', 'tljydrnu', 'x11ntaqf']
262	['4img2we6', '7aaiyppx', 'mup5hr7e', '29opurlw', 'u95kg3m0']
263	['r4q0zqam', '8o2xddof', 'j7j4bk9t', 'jw42gokv', 'hp2ifk2d']
264	['me08w1ir', 'td8uwcas', 'qh6fqna8', '52jtd51o', '82hqy612']
265	['0rrhiw9m', 'l73htuz1', 'ex6ktyl6', '105ezycx', 'ebvarrr7']
266	['faxm9rhz', 'c8rgn7e9', 'bgr4h7kn', 'gk3wr6s1', 'h13p6ogs']
267	['xeb14weg', 'f2ypnls4', 'cjfn4dna', 'lnls2mhg', 'cv6no7nw']
268	['nvbt5gxl', 'lm73oj21', 'b7w2n36j', 'kkskmuw3', 'dt8h6a0v']
269	['efm6zj9r', 'ua7hsfma', '30pl5tx3', 's842zn9l', '0l5li1f0']
270	['emg87q94', 'qgzc1moh', 'ovd98r01', 'ml27mexb', 'rh2jrojk']
271	['rmyy6fni', '1l4o9pko', '1otgdo19', '9wnkmn27', 'ef3warsh']
272	['5tdmh0ac', '2aoyzj2b', '2yrgy2y2', '5t5l5rrx', 'vqswp96l']
273	['jnmpyovl', '1cpjqav4', 'rztwiflt', 'gw9hkw00', 'rbau5dc2']
274	['y9fqa20z', '30pl5tx3', 'qi1henyy', '5z0xwlxp', '9b6cepf4']
275	['grccu4kh', 'kjr6dcqv', 'pva0xii7', 'gdfvt4pu', 'cvxni7cd']
276	['nxu1xoax', 'onlly1ga', '9wnkmn27', '1l4o9pko', 'nwifmuu2']
277	['o1xkgkn1', 'kp4j9snc', '7np944lw', 'c6lilxk3', 'm0598zrc']
278	['te0v91nr', 'u0jddsup', 'o476dtgd', 'ooagjxp1', 'hn6clwoj']
279	['ovel2jln', 'yt2fp8zl', 'b7w2n36j', 'cq5z8lqu', 'lm73oj21']
280	['h2uc7ria', '9f5i6crg', 'yewi7l9t', '9x5k7we8', 'gruir7aw']
281	['emg87q94', 'qgzc1moh', '2dixw8up', 'dljqpvyk', '855atuue']
282	['tmdwfr6x', 'l5kr2dw8', '25aj8rj5', 't22hwoeb', 'jmhexmet']
283	['ozbmgd70', '14alhxc3', 'zdfx3zo3', '9rgv88qf', '31idktk7']
284	['u2kjft6q', 'ko42qlzr', 'vd1lldjj', '1bxl5nrm', 'lclxe7i9']
285	['9gl8g08y', 'c00jgkpg', 'mjvst2is', '3p3qqrtw', 'p3clfah1']
286	['7iuls8x1', '6274gicp', '6ajmuuld', 'nvtoxzka', 'hapw6lv9']
287	['o7qytdl5', 'pmcjm9hs', '4dsq1dds', 'hgpiig0g', 'jnmpyovl']
288	['mkgszhkk', 'o6dd2vu1', 'uhkff67h', '8hchfgx6', 'ra2njvcz']
289	['lty6oq3d', 'z9jqbliw', 'bv7hvc1e', '5aev7ltr', '0oq0xmzr']
290	['t1vom8f3', 'kjf63oug', 'zu5mg2im', '3jnhboif', '0lk8eujq']
291	['9btdjktj', 'nmrxjal1', '52qpcg63', 'g05z8cux', '6d5tp5hy']
292	['8d6vcqr3', 'y2ezdqhr', 'pw51kd1r', 'ragjcn97', 'i1yf8fgk']
293	['sgo76prc', 'b5eve7re', 'f3mvdpq1', 'gz84xy6q', '05vmhjjp']
294	['tk0iwpnb', 'tz2d3lff', 'dlwfu274', 'qalficgu', 'u89jd28e']
295	['xvctmmzt', 's4xintwp', 'lgnaas6s', 'u0jddsup', 'uohbxoeb']
296	['yslf5er3', 'cddya0r7', '95e1kuux', 'qlfp54io', 'stc36og1']
297	['h1wycwxc', '55vu6b3u', 'cwreauh8', 'v0frkv96', 'yxu6d45m']
298	['uohbxoeb', 'no45mgyd', 'x7ybnese', '0bh8i14e', 's4xintwp']
299	['vh3qs9xv', 'ge8o93rh', 'gof2of9o', 'lvvw1npq', 'igm2qr4p']
300	['mnjy6bq2', 'g57r3son', 'knbngla3', '607lsqlg', '2rx84imv']
301	['y43prnko', '1l4o9pko', 'z94005i4', 'c8rgn7e9', 'kk47kxwf']
302	['snlukr6c', 'l6zsf85e', 'msut5gyc', 'hgpiig0g', 'w0ebmg16']
303	['7kxi7px1', 'gunn55f9', 'o7qibwzj', '4qgfjczw', 'mbam5s7p']
304	['la2wvnb0', 'z77wg8j9', 'ikz8ui8y', 'q54el8tf', 'mu2vqjnv']
305	['7tto4hr7', 'ijoyk390', '0o3wjvpx', 't22hwoeb', 'm41w2007']
306	['qpzg8lam', 'prqrsb3c', '4jjuwc9r', 'm1d8znrs', '72jwlfqr']
307	['te5qq8nd', 'irgnrr0j', 'msut5gyc', 'd6wkv2rc', 'vrs88dcy']
308	['7bhue8w5', 'dlwfu274', '0r3l3b88', '1ma4hp52', 'suqkidrm']
309	['2u5zxc2i', '5dgggmv6', 'w4zab80p', 'zoipx650', '34ulkvl4']
310	['ovel2jln', 'emg87q94', '8vdknrdv', 'b7w2n36j', 'ebvarrr7']
311	['n5qfwl57', '3xx7rw6y', '8pli09ym', 'wz6446aw', '4sb1dt6j']
312	['emg87q94', '8hkxbxz9', 'mwj0xc3q', 'hgpiig0g', '6l3coibe']
313	['gtwg0m54', 'ga1fks7l', 'sgo76prc', '7pqy0ejn', '82hqy612']
314	['si5mxgrk', 'ez1l3m4o', '9k0haiw0', 'b8c309hj', '2aslzgdk']
315	['4et61my3', '2tax8ajw', 'tn8houmc', '1wkpkh84', 'car394ou']
316	['8fkzc445', 'xneu8glk', 'yt7uqvno', 'l30ey4fx', 'x14iywtr']
317	['eztw9tx6', '80t2ovkk', 'uwc67iw1', 'p1ayih2z', 'frr4vu0w']
318	['gvtp8s8b', '82y56t7d', 'emg87q94', 'vrs88dcy', 'u6a65x9h']
319	['zue5hnal', 'j7iis8h2', 'r3w90vg8', 'lkb09vs8', 'mja2qlpk']
320	['tf5a48i2', '6gj02k04', 'spohl5ey', '5nyc1cn5', 'pmd78j61']
321	['bdb9g77g', 'nd5r4yt4', 'u66awao9', 'c5be70t6', 'x73moqog']
322	['fqk8rmiy', 'pbhvq1nh', 'olhgu24h', 'u999bx7a', 'jjiiutd5']
323	['6crputzl', '4vkkaqhz', '20xgqvxc', 'jlqpwfwm', 'v1cfaqyx']
324	['5kz2s7ag', 'eomtjrgc', 'h4sbz3md', 'j7ltjn4k', 'vjg00epx']
325	['i03mrw1i', 'pocvjjox', '2w68g7cv', 'uei4ovko', 'w1pv8dsg']
326	['h2lnqvsv', 'l73htuz1', 'gtwg0m54', 'h2u5w4a8', '6cx33se3']
327	['emg87q94', 'ua10zb5y', 'ebgu29uh', '9n7a9g78', 'gvtp8s8b']
328	['l2ak5ygj', '9gqonmf5', 'stew8m7u', 'gsgbhqwl', 'dhy80rkn']
329	['bk3ss63e', 'u6a65x9h', '2jwuzfan', 'hg1q14gw', 'vrs88dcy']
330	['3iz0ozpx', 'yxe19kwe', '6j9x3pn5', '3p2cuxk0', 'jc26e39s']
331	['3xvphg52', '10dkpj5h', 'kcuf5x8k', 'gkf3wez8', 'kuvdbr09']
332	['bzeqs5oh', 'oud5ioks', '0bh8i14e', 'onjgfr4j', 'gh6bizzh']
333	['hqod7v2l', 'y98m15aq', '1ktrjzha', 'po6cqv4m', 'ik4wen7l']
334	['20xgqvxc', '4p6fcy8f', 'fypodr9a', 'ikz8ui8y', '2p3l08n7']
335	['iuy5a0bk', 'eie9cozf', 'unl3n0tn', '0d83u4ve', 'ahpkmffy']
336	['30pl5tx3', 'j7iis8h2', 'a0q61mpi', 'q7pieq3w', 'extp8epx']
337	['ax3e82js', 'ultl3rpu', 'du7ba2ky', 'onlly1ga', 'oud5ioks']
338	['u1s6ciy4', 'emg87q94', 'ocguwlam', 'plwoof39', 'ccy8gf0k']
339	['w0ebmg16', 'w1bx4a7v', 'opjfy3xr', 'hqapg5ow', 'cpbu3fv3']
340	['doi8buyw', 'okfsy72o', 't019zx7q', 'f14n0hk6', '5ckds66x']
341	['1l3b0hqj', 't6rxsiat', '9169o29b', 'pi77smba', '9rxv6fy9']
342	['djev6er7', 'jpby8m6r', 'rrykpl0f', 'ksf2tpdw', '85jx7i06']
343	['1uabldiq', 'h4sbz3md', 'hay91kuq', 'i1icueuw', 'mi6bdisx']
344	['ky5env7t', 'kap7r6de', 'fu685z9a', 't3wjpagu', 'hsm75cww']
345	['l6zsf85e', '105ezycx', '2nthllnv', 'ekal5251', 'cq6mivr9']
346	['snlukr6c', '6sgeraws', '9ss25ozo', 'fx2oly7c', '479wkesk']
347	['emg87q94', '2ui7z8wi', 'rlvfk8w8', 'wxrv37ec', 'qgzc1moh']
348	['b2w95zcb', 'drb8ipix', 'j8666ial', 'cvoef8qt', '7gqkyq1j']
349	['edz3up3a', 'nj1p4ehx', '164yx77a', 'fiiyythk', 'imheos0p']
350	['ghabnnv0', 'nyvmlxqf', '105ezycx', '92f2xg0y', '39mfts0g']
351	['ckl3v2jq', 'h0iynw2w', 'xyuj1j57', 'zouscolw', 'hpj8gb4o']
352	['ivxvry3u', '7th3d6wk', 'b7w2n36j', '8f83k2ce', 'qeqd4soe']
353	['sm0112e3', 'u31ixcwa', '2qwk2z22', '0lk8eujq', '40dsvwyb']
354	['ximw03ej', 'ordof7g5', 'f4jx3b2q', 'iu4p5k0w', 'h2sza0if']
355	['6kbdxhxv', 'uzc6r1jr', 'lvbutmio', 'ec6ov0jw', 'tl16qf33']
356	['zkdk2v5e', 'u20e82de', 'wzfvqj6m', 'v72mveyu', 'ruwmeau5']
357	['acyexmyq', 'vxv7pq8v', '34y9fx51', 'r58aohnu', 'gha1wg4w']
358	['5iwgutxo', 'gk3wr6s1', 'q6svfacf', 'tpic8ddl', 'qfrabyp7']
359	['cfbj6ize', 'xj1nw76b', 'nz976qc6', 'nvebqwwh', 'a40yhtqk']
360	['b5eve7re', 'fwbabb3a', 'sgo76prc', 'tk0iwpnb', 'y04dub8o']
361	['fx2oly7c', '784gmskn', 'vpih1wvs', 'kbaqqxxr', 'snlukr6c']
362	['pq6c0zia', 'y3c478hf', 'qxy2p79x', 'cc23zega', 'y3fagw3t']
363	['6q9zmieo', 'deezca5z', 'fai1kymu', '3mk8dwf9', 'fnok2eoj']
364	['emg87q94', 'joy8utv1', '0lk8eujq', '2dixw8up', 'qq46f7fu']
365	['ck338ifc', 'mx534xbx', 'k21ltg5z', '5g02ykhi', 'n3nwra0o']
366	['gtp5daep', '2r0a357c', 'w1bx4a7v', 'g57r3son', 'ax87r0bj']
367	['k8xp61uu', 'i6qoo03c', 'a2voobqa', 's2tdo7bn', 'aj64338q']
368	['emg87q94', 'hgpiig0g', 'geo7ac5i', 'qgzc1moh', 'gvtp8s8b']
369	['jnmpyovl', '104lecie', 'jtgpzrf9', 'mjb3ip7a', '7momt81r']
370	['twlupt3x', 'zuynnue7', 'cv6no7nw', 'hvy73er8', 'adhj5e5s']
371	['zdlbsuys', 'eecwjrdc', 'dfl69g4f', 'lnnsxwk2', 'tl16qf33']
372	['vk6rms29', 'f18a3xiv', 'bn22k0p3', '2damkjcs', 'x14iywtr']
373	['dq3qunwe', 'ai60maqz', 'emg87q94', '2bupc5jh', 'qgzc1moh']
374	['9ljou3ag', 'ppe8br4z', 'h2vct9h5', 'kjgyjk2g', 'k21ltg5z']
375	['8rgpr2lo', '0vwspd6l', 'sxi0tpsf', 'b3ui95vx', 'kl2766oe']
376	['riltam7g', 'sdg65ple', 'qp3cjql9', 'aspn870c', '7bhue8w5']
377	['td3drkgw', 'n5kgdoln', 'v10454ns', 'mf73oqp6', '01bjz2qq']
378	['xhkjbeam', 'of9wlhga', 'awx9lcfk', 'b0545v23', 'k93izuna']
379	['1ufwrgc8', 'wr6qa1vr', 'ksvw62gl', 'nvphu1fm', 'iez1j9jn']
380	['entkqcn3', 'jzosdlu7', 'ex6dyr77', 'j0bu0upi', 'gy0kfhy6']
381	['gk3wr6s1', '56m1r1z7', 's6sp3rme', 'jcq5omdq', 'fx2oly7c']
382	['d6ow67k9', '2ejg2ngh', '7t7ho26v', 'jo38hjqa', 'y81g5iqi']
383	['b31ctbat', 'un1wozy8', 'qp3cjql9', 'm2bmp8s8', 'vvxfq84h']
384	['db8fl9d2', 'atwx0a2s', '8hchfgx6', 'eyxag4xd', 'qdw86v8i']
385	['06fhiu9q', 'dngs5tbw', 'pmcjm9hs', 'wnpmwne1', '5g70w76j']
386	['kxx3szjq', 'emg87q94', 'qgzc1moh', 'ovd98r01', '2ui7z8wi']
387	['emg87q94', 'wcyqks52', 'w5rk8luy', 'qgzc1moh', 'k6ensjlf']
388	['ca3h96bx', '1m1hi735', '607lsqlg', '5azti19e', 'pw58gayr']
389	['ljlsvc9h', '5jlohhmv', '2j11uxmx', 'itqi22lv', '53t1mhnb']
390	['u6rt6zd4', 'fynl88p5', 'g15tvzn4', 'bcttenl4', 'qbe538kv']
391	['xxlvyp5c', 'sg1e404x', 'ai60maqz', '4jjhc5zo', 'q9d88fxx']
392	['35meen0h', '0u4nmrq4', 'mja2qlpk', '3akrube4', 'bqdvx458']
393	['ql9cfh1j', 'oyplh9cn', 'c9o7kbv5', '2x2n8blg', 't2gbeb3c']
394	['xxlvyp5c', 'sg1e404x', '68d30i8k', 'r1wh54q1', 'a5oz6joh']
395	['2ytec133', 'ebvarrr7', 'c3v7rf1m', 'gvtp8s8b', 'l73htuz1']
396	['gtp5daep', 'ptnjbhtw', 'ax87r0bj', '09q2so3j', 'daxv3reg']
397	['xtmn1n0r', 'hqapg5ow', 'l8zfuhzk', 'vkr0766i', 'f3w4v5ej']
398	['t3vuwghp', 'gvtp8s8b', 'u6a65x9h', 'jbpmbm9m', 'dgcawqyk']
399	['vt4ougwq', 'ud8nmm7w', 'u99omznb', 'ajzcx2rg', 'kt47i60w']
400	['ujy4i5uu', '2lk2vm5r', '5nsayxwc', 'tl1o1wr9', 'dblqryhy']
401	['32ua8wb6', '30pl5tx3', 'l6zsf85e', 'o7ww2prj', 'y420tku1']
402	['4rzttwyp', 'emg87q94', '25jq098w', 't3xd28ly', 'z3msyl45']
403	['hsimf7wt', 'b4161ynv', 'f0wpsaip', 'ragjcn97', 'rwk954dx']
404	['l9lj98b1', 'bgsbbszf', 'jyxrk9bz', 't7bonus8', 'd81rq6b9']
405	['vqswp96l', '2i7zd1t2', 'b3ap3gac', 'hhswage4', 'rn8eezep']
406	['f18a3xiv', 'w1bx4a7v', '7n6pva1l', 'w0ebmg16', 'fx2oly7c']
407	['a0q61mpi', 'zue5hnal', 'iu4p5k0w', '105ezycx', '2bpyvgv7']
408	['2u9eenwu', 'cj7izin2', 'aawjla6h', 'e1rl383p', 'y0wu60n4']
409	['uxz185vr', 'ny7wkswf', 'ws75gpsc', 'styavbvi', '3i82sxk8']
410	['wgfdd3lm', '3tfof5nd', 'ksvw62gl', 'qdmkx03t', 'zq4ty9rw']
411	['5t4twnpm', '4mat0psy', '9tjd7dnp', 'i9jrobdb', 'r1tl2hrk']
412	['eo8rbcy2', 'kfsuiz5t', 'bf42staf', 'cu8ruz59', '32v44sw9']
413	['mkgszhkk', 'ra2njvcz', '30pl5tx3', 'jb455t9p', '844229sb']
414	['tij7lakb', 'umrk96gz', 's7z1l3a9', 'uliopaz0', 'urj0nssb']
415	['1ujphwmi', 'uef0bbh7', '5q8k71et', 'ldyumgm9', 'pqt10xzt']
416	['xtmn1n0r', '1s8jzzwg', 'a0q61mpi', '92z77upt', 'ohkki0ke']
417	['ukca8cqw', 'tvzn0112', '8co5gwkz', 'e85xdrcw', 'jtwb17u8']
418	['unql24hw', 'v0frkv96', 's2811lpo', 'ucmzbezx', 'ptnjbhtw']
419	['geo7ac5i', 'rgmurgbf', 'tlr243il', 'vtagfrds', 'w49i0xkz']
420	['il5307pl', 'pa000mr8', 'xwghd9ut', 'vxv7pq8v', '3swdnn29']
421	['5sauy21h', 'dp274ls4', 'f296patc', 'q7vv128t', 'l1rnnebt']
422	['y43prnko', 'w3ls1d7w', 'w1bx4a7v', 'dhd9e9bn', 'x9sfgtim']
423	['lfk6e8hy', 'g4nto9kf', '8i2ryrfe', 'nrhk8ctf', '2dixw8up']
424	['vqlnd5rx', '3tfof5nd', 'qdmkx03t', 'ubvdzjkw', 'ppuki7qn']
425	['fnedip6k', 'ykxr9q1j', 'ckl3v2jq', '0ygvjgj7', 'cqz8ar83']
426	['emg87q94', 'fdn6h4gi', 'sxx3yid9', 'ay69e8ad', '9a27s0zn']
427	['kp4j9snc', 'hltkddac', 'qjfe2t9v', 'blqukxw1', 'xl9rwld2']
428	['l5kr2dw8', 'bhjwd01o', '630w2rtn', 'u3832seg', 'c84lpxrn']
429	['9phgag8q', '69ly7gp4', 'fiiyythk', 'm9g1d7i2', 'qc6untrw']
430	['1gv3t5t0', '53t1mhnb', 'q7vv128t', '25jq098w', '9y9lkt4x']
431	['b7w2n36j', 'lm73oj21', 'iu5ndsxn', 'onlly1ga', '1l4o9pko']
432	['7vadpp3d', 'qc6untrw', 'vrs88dcy', 'o7ww2prj', '2ytec133']
433	['yhmcx7ae', 'h7vqmlq9', 'p71adezi', '0i12e4tn', 'itx70h27']
434	['xthxesgk', '1daa6fte', '3o7rd8pt', 'l6lhmb4j', 'whkfvd7l']
435	['9qklnvyl', 'du7ba2ky', '3ehm118t', 'gxvaric3', 'fd4aag2t']
436	['zue5hnal', 'cg6v3yma', 'umvrwgaw', 'lkb09vs8', '0clp6zt6']
437	['iu4p5k0w', 'xtmn1n0r', 'a0q61mpi', 'ohkki0ke', 'r58aohnu']
438	['g5sw7t8x', '8gogju5n', 'kq6rups8', 'tl96mvyu', '3e8angvj']
439	['fk16k9ts', 'w62rqn2p', '6xs4y2uw', 'g914ir8h', '7krl4xlg']
440	['hfk8nikl', 'xfqst9fl', '4pyx0xps', '6i9yw83j', '0i12e4tn']
441	['2iupb6gj', 'oo4zwcdb', 'o9mq3auf', 'emg87q94', 'vrs88dcy']
442	['848jmwgc', 'ykxr9q1j', '9xxv8a2d', '4p6fcy8f', '30pl5tx3']
443	['hsgmg99x', '6lsl7ahj', 'zjur5j95', 'fgdzfr39', 'ihlkhh2d']
444	['emg87q94', 'c5be70t6', 'eu2vjpw9', 'gz84xy6q', 'vrs88dcy']
445	['emg87q94', 'qgzc1moh', '2ui7z8wi', 'wcyqks52', '2dixw8up']
446	['dlwfu274', '35nshnn2', 'u89jd28e', 'w3d33mq0', '5g02ykhi']
447	['hzn3qus3', '6nt6msrm', 'r0nmq9ne', 'gbgcfa2o', 'ztwemu74']
448	['6a728le9', 'qbj8n8h6', 'gtp01rna', '1blzi9r3', 'b2rgb6h9']
449	['zu5mg2im', '1vj9p7vm', 'iimx8nt8', 's01g5wxg', 'unhrmzn5']
450	['b0545v23', '31idktk7', 'qa1tbu6t', '05m6gs19', '2q6qmex3']
451	['c9o7kbv5', 'hhswage4', 'bbs7zocu', 'amtk0s0v', 'yrowv62k']
452	['a0q61mpi', 'iu4p5k0w', 'jnwuu08w', 'm2z6k2va', '2yka2luy']
453	['2dixw8up', '89ic6lmt', 'li8kvzdh', 'qq46f7fu', '121p2shq']
454	['hnx43l5c', '29z4q4fs', 'sgo76prc', '7pqy0ejn', 's23d5pns']
455	['5i0m18nt', 'w3zic0on', 'xz7yzr2f', 'l07q84ni', 'xf7k56sp']
456	['stn5gl2b', '9kq9o5wp', 'q473xazz', 'c9cenvt4', '2dixw8up']
457	['emg87q94', 'ruegzkoo', 'wcyqks52', '2ui7z8wi', 'qgzc1moh']
458	['6r79qt66', 'nrhk8ctf', 'fwbabb3a', '0qu9kwm1', 'bn22k0p3']
459	['d4upbc3v', 'tyqeguyf', 'ckorpogz', 'qfq1nfcn', '4war4rud']
460	['b80todl7', 'gme1zk3n', 'b2iit1ef', 'tz48uje3', 'uk6whrhz']
461	['h73m17lw', '20xgqvxc', 'lbyvgqp2', 'd6ow67k9', 'bx7vz0r7']
462	['t3b2adct', 'm39qdgey', '6gm8kaqi', 'bqdvx458', '2f09vauy']
463	['svi7syld', 'sxi0tpsf', '1adofojj', 'ycxyn2a2', 'ohkki0ke']
464	['emg87q94', 'ghabnnv0', 'ovd98r01', 'qgzc1moh', 'l6ksaaaj']
465	['tij7lakb', 'uliopaz0', 'umrk96gz', 'h9nzxlaf', 'zr4pw0e7']
466	['s0ca1r5s', 'bccrvapy', '2v6zigt8', '4b6jrycu', '1na6yp9b']
467	['me08w1ir', 'td8uwcas', '82hqy612', '5lqjmqu5', 'lfqi7jsa']
468	['ledopkwj', 't3givxiy', 'hapu56t4', 'xli7wyg4', '8d90mc54']
469	['f15foaf2', 'bgiyvqgw', '9avmlz30', '868txjrw', '6entp07f']
470	['dqhdws5k', 'sygm6irl', '4ij9t0t3', 'myeiu66g', 'jz6o9gnb']
471	['od5nnxvg', 'vrs88dcy', 'gvtp8s8b', '4p6fcy8f', '848jmwgc']
472	['extp8epx', '7s79900j', 'e0pbs354', '848jmwgc', 'wb1apvn2']
473	['uk6whrhz', 'nnxlzxdt', 'xl9rwld2', 'npd9wz3u', '3h3ihfyq']
474	['6cx33se3', 'gz84xy6q', '6hnts5l2', 'azr73w2w', 'gvtp8s8b']
475	['43wbbris', '25aj8rj5', '7d3akn8u', 'mu2vqjnv', '1nmzo9at']
476	['ouvq2wpq', '0si51n85', '7omyaap8', 'w1azm2mc', 'rimct0c4']
477	['fypodr9a', 'r4cg50x1', '1mx3jrup', '55gugbs8', 'mlrq0rjf']
478	['hu2lg6i7', 'b8c309hj', '1mx3jrup', 'w1azm2mc', '9exmyy5a']
479	['imte5ong', 'x4zzt9oe', 'xxeyogwd', '3wg6flz0', 'xld7ztx5']
480	['8cvjsisw', 'emg87q94', 'b7w2n36j', '2jwuzfan', '104lecie']
481	['q3db7v16', 'h8ykn6ut', 'n3yuvf8v', 'moxjaxuy', '3724854p']
482	['u1ilcmm2', 'ib17jyva', 'xolflz8g', 'x73moqog', 'e56ivoz7']
483	['rhto8dpf', 'qbj8n8h6', 'zj3oixvk', '3oetrhdh', 'ra3clbbr']
484	['emg87q94', 'qq46f7fu', '2dixw8up', 'xthxesgk', 'y349r3r6']
485	['n5qfwl57', 'cj267zcl', 'fff0swre', 'l5kr2dw8', '4kfbs7j4']
486	['extp8epx', 'k30wvnx8', 'ihgxtu8g', '65fwicjz', 'auvehdq5']
487	['4a7fzrxg', 'mevnb9v0', 'wda18u55', '1syeo6ff', 'w1pv8dsg']
488	['24wfokhg', 'zjur5j95', 'hgpiig0g', 'b9b6ww9q', 'bh8zshy9']
489	['aakzdkcj', 'r76tqrwz', '1l4o9pko', 'belhjr5e', '0r580il2']
490	['hpbcwiwf', '20xgqvxc', 'lxdcelk1', '0i12e4tn', 'ah8mzt1g']
491	['9195zweg', 'n1q1wr9s', '9k6uqs2q', 'hxh085w7', '47f44plr']
492	['je585xia', 'be4afbyo', 'dgng39yd', '0rsbmh48', 'zq9ehv7a']
493	['yu2qzp18', 'yo815hnj', 's8oq2sj8', '3a7utmsd', '39nzvid1']
494	['l6ksaaaj', 'znainceq', 'zycgczqy', '59up4v56', 'gqifyp7g']
495	['hgvqjtfa', 'awx9lcfk', 'hunepli1', 'd6ow67k9', 'hgpiig0g']
496	['2tax8ajw', 'ej9qbrt8', '8ubugbn3', 'wt6azxc1', '1l3b0hqj']
497	['vxavox24', 'j23pvlj9', 'zsra2yz3', 'uk67ac2r', 'wtdzad90']
498	['faue5ywu', 'yaedocvp', '7a7oi5dt', '09jbs6mx', '9ok153yl']
499	['x88qugn9', 'm4hwwhux', '7gqkyq1j', 'rcdoewwv', '74fh51hd']
500	['6teavsk5', 'x14iywtr', '8f83k2ce', 'xzps65et', 'nkx5zdfg']
501	['u6a65x9h', '2ytec133', 'ex6ktyl6', 'vrs88dcy', '4hog76lx']
502	['dlwfu274', 'suqkidrm', '7bhue8w5', 'iw3wv973', '6a6tyvtz']
503	['hg1q14gw', '9ljou3ag', 'f9vxfk68', 'xhkjbeam', 'mkl7rvr6']
504	['d4eae8g3', 'rzrrnypq', 'qcxpmfmq', '5h54azyy', 'hg1q14gw']
505	['emg87q94', '0gier0lu', 'aq2iz9tq', 'dwcu6vyp', 'cfi5zhgu']
506	['1s8jzzwg', 'w1bx4a7v', 'g57r3son', 'gtwg0m54', 'uyb0of5p']
507	['7g7sgabs', 'r1tl2hrk', 'vjg00epx', 'rsrupgx4', '9l6yn8pe']
508	['fnguelau', 'lvw0cnwj', 't3dzso36', '7xnga86x', 't7xaqtgo']
509	['30pl5tx3', 'vpih1wvs', '3lzm42wq', '7tto4hr7', '2eo9woav']
510	['qgzc1moh', 'emg87q94', 'xvctmmzt', '2dixw8up', 'wcyqks52']
511	['bh8zshy9', 'tk0iwpnb', 'y203109o', 'mi6bdisx', 'gxu62u9i']
512	['emg87q94', 'eagkc9ty', '2dixw8up', 'qgzc1moh', '2ui7z8wi']
513	['ebgu29uh', '24t0lunz', 'm5s67z8x', '93y40vnp', 'k7smwz6w']
514	['emg87q94', 'so6irh9b', 'r7aqsyfl', 'qgzc1moh', '0pptqw7o']
515	['lr5lumdr', 'emg87q94', '3h80bn0k', 'qgzc1moh', 'h2lnqvsv']
516	['nzy970he', 'isk5cu0k', 'sjkni2uc', 'd2s3170w', '6gm8kaqi']
517	['i9jrobdb', '4dsq1dds', 'solieify', 'lq1qndxg', 'jjgfgqwg']
518	['onlly1ga', 'mpkli2xf', '1iqfm496', 'azl5dj74', 'lm73oj21']
519	['5zeqfohd', 'ocxl6cf4', 'gha1wg4w', 'yhun6hid', 'mi6bdisx']
520	['2firaix6', '1l4o9pko', 's0ca1r5s', 'aakzdkcj', 'ultl3rpu']
521	['x3z7utn4', 'bqdvx458', 'ws3tfs1j', 'b52pn8t9', 'yr69ctrj']
522	['on1y4mdw', 'cj8djjac', 'xi2whtvr', 'cqz8ar83', '0nw9oots']
523	['tz2d3lff', 'maxbdi99', 'sgo76prc', 'h8ykn6ut', '9bhi3rqu']
524	['y8i60bm3', 'g6kag5ij', 'jctz6fbg', 'y9urkfnt', 'dql5n9k7']
525	['ifovibzi', 'vszlmtf4', 'etokw9j7', 'hpj8gb4o', 'gwb8l3f2']
526	['6j45mmjh', 'v34r4tix', 'ylqpkosd', '0eftiyuw', 'b2w95zcb']
527	['xtraspw2', '9pb2eqoa', 'w3ls1d7w', 'itxde5mw', 'qsyqnwn5']
528	['9mact9br', 'hnx213kp', 'wcyqks52', 'i9jrobdb', 'yn2aylru']
529	['e0pbs354', '9169o29b', '7pcnf2iv', 'asj7352n', 'hqapg5ow']
530	['j67qgjbj', 'pfgloqz5', 'p3dex2to', 'pg50i2ql', 'b9evh1l2']
531	['1s8jzzwg', 'h7ftu3ax', 'hl956i02', 'zycgczqy', 'f4jx3b2q']
532	['cj82xu0w', 'y4m987yn', 'vp2t4xkn', 'ws3tfs1j', 'qu7ddcw9']
533	['u1s6ciy4', 'jii2rzet', 'ovel2jln', '9n7a9g78', 'v6w9mlsa']
534	['lpoxaetv', 'dztaijzu', '95e1kuux', 'opckeugf', 'ndn6iwre']
535	['zjur5j95', 'alc0jsh9', 'u5g1twfg', 'y4rhmd8t', '0x3uihto']
536	['eu2vjpw9', 'xd5uhah4', 'cnz7jlw4', '7kxi7px1', 'bttme4wn']
537	['0u14wypb', 'g15tvzn4', 's2811lpo', 'x14iywtr', 'slzh6uay']
538	['ueb7mjnv', 'bwmpamea', 'yoiq6cgt', 'q00ihic3', 'r6gzbnu2']
539	['gorp9n1g', 'cfi5zhgu', 'dwcu6vyp', 'utgnwox8', 'kyoa5gsf']
540	['5dbuxvc4', 'kmwfce00', 'q4m2uj6r', 'car394ou', 'tsyl7crt']
541	['2bupc5jh', 'nrl6jkpc', 'cv988sbx', 'f07go7nh', 'hws1e4tv']
542	['3u3i5myh', 'h8x5cpz4', 'l8sozg8v', 'snlukr6c', '49er7f3r']
543	['0aqww7cz', 'pdd5wepz', 'gvtp8s8b', 'stc36og1', '8g70j0qw']
544	['yf3z913h', 'tgrh7ap4', 'u22z526l', '1y79i676', 'xmqdk2wz']
545	['49jkx2hc', '1gbq9j88', 's4cfdgbv', '9wx4ltyd', '3eu5n942']
546	['kdxoyvsv', 'gi21di4d', 'fquzwsiu', 'v7szuzfa', 'wdtrpnkn']
547	['4pyx0xps', '25aj8rj5', 'aaxhrecp', '7auounlr', '3q36knqh']
548	['gcsew8u3', '52lf5gzr', 'bla8a6uw', 'mopk56p5', '4vvuye8u']
549	['zu5mg2im', 'o8nf7nd0', 'iyw43izp', '4pcv1i3i', 'rmyy6fni']
550	['hhen3xjx', 'jnmpyovl', '2kt35rqn', 'ptnjbhtw', 'vj2z52vg']
551	['um4v5qr3', 'n7oankiq', 'aaxhrecp', 'dvj8cfw7', '8nil3u2k']
552	['5d7erbr4', 'rzahax88', 'q4q06pzc', '4vtad2ve', '2qcuygax']
553	['vs730te0', 'h9nzxlaf', 'qv1xdqau', 'deezca5z', 'qfq1nfcn']
554	['emg87q94', 'qgzc1moh', '2ui7z8wi', 'h5xvrtfy', 'eagkc9ty']
555	['8dbjycgt', '9e9fyarm', 'ym5my5st', '7o7v0ewg', 'osrqh33g']
556	['uto9q6s2', '3mfwweyr', 'sjsaw6yv', '7wz030vg', 'wbso4fci']
557	['jisznsr3', 'byh09alo', 'iz74o9de', 'j0sr3ifq', 'p7foay4k']
558	['k30wvnx8', '65fwicjz', '8f83k2ce', 'extp8epx', 'gqifyp7g']
559	['c3a85ld0', 'ofw7lnr5', 'ebgu29uh', 'hp62t734', 'c8sthkc6']
560	['gtwg0m54', '2tre0wat', 'qdw86v8i', '33wqmdnk', 'db8fl9d2']
561	['ywi0a8s1', 'xi17qo6z', 'mmh5znrq', '1daa6fte', 'l07q84ni']
562	['abmrgpbm', '0z7ey1nm', 'cr1rvy8u', 'xli7wyg4', 'rg3iygo4']
563	['2v6zigt8', 'aakzdkcj', '1l4o9pko', 'cntmsia6', 'xnrb0byz']
564	['9eu792zu', 'e8fhlo37', 'wbsl6n67', 'pxnyi2u1', '1px7yvew']
565	['ny7wkswf', 'uxz185vr', 'c3v7rf1m', '7i5awez3', 'gz84xy6q']
566	['emg87q94', 'eagkc9ty', 'wcyqks52', 'qgzc1moh', '2ui7z8wi']
567	['gvtp8s8b', '8l5i1z27', '4hog76lx', 'cj3cpn5j', 'tvhn7lnu']
568	['1nk1t5qs', '010vptx3', 'unnrflmr', 'cw3epg39', 'fsid4a39']
569	['emg87q94', 'qgzc1moh', 'wcyqks52', 'eagkc9ty', '89fglwvk']
570	['wr4r7jd8', 'em2uatlm', 'ragjcn97', 's96beqsh', 'pdiyqdb3']
571	['ufzjvdho', 'jo489zm2', '164yx77a', '24u6q3ae', 'pa1dt9zt']
572	['qc6untrw', 'gtwg0m54', 'awx9lcfk', 'jki3gdxl', '54jnv4ki']
573	['3p31ei4k', '330hn7ap', '3wg6flz0', 'mg8uyeuh', 'uddwc4tu']
574	['8dgahmka', 'l6zsf85e', '7xb7hj9u', 'ays0clih', 'knlc3bxh']
575	['dgng39yd', 'be4afbyo', 'fz14yjvm', 'h6dsjkvz', 's19w1p2i']
576	['5s1zz2lm', 'nvebqwwh', 'z4s7u17l', 'q93luiw2', 'c6lilxk3']
577	['emg87q94', '2ui7z8wi', '8vx56qlk', '2dixw8up', 'qgzc1moh']
578	['pmd1n2l1', 'yqx0xqz9', 'i69uuezd', 'v3h2nxpt', 'i2anrjmq']
579	['sygm6irl', 'dqhdws5k', 'trmwm9qq', '2l883zhe', '9aw78s63']
580	['m8xfza1d', 'tzp03hmr', '4vjpu9t1', 'u6a65x9h', 'q7vv128t']
581	['q1yn89cq', 'x34ygu8i', 'nh4dw75x', 'bkm8k9ud', 'xwz0470p']
582	['hbyxy4ln', 'awx9lcfk', 'y9fqa20z', 'kzkt3u1h', '2ytec133']
583	['qgzc1moh', 'emg87q94', 'k3vs6vhz', '2dixw8up', '6bbqvkvn']
584	['dlwwcryb', 'fm8gril1', 'umrk96gz', 'yo815hnj', '4dsq1dds']
585	['ihgxtu8g', 'bx7vz0r7', '8l5i1z27', '3u3i5myh', 'extp8epx']
586	['qub1i1bl', 'xzy98hm3', 'ebgu29uh', 'hp62t734', 'vpoqfm7d']
587	['gg5c8v7d', 'b006vbfi', 'ylqpkosd', 'uom5r1pf', 'b9b6ww9q']
588	['iy20s5na', 'd0s3vl2w', 'lstwxv4k', 'trqezzj5', 'l6kcpnbj']
589	['0qy6hcgp', 'hcw0cisk', 'jz6o9gnb', 'o1xkgkn1', 'zj0yxy2z']
590	['extp8epx', 'o6dd2vu1', 'a2voobqa', 'zycgczqy', 'vkr0766i']
591	['l4zku2e9', 'eumvomou', 'fsl4veps', 'kgt61kcu', '8hvve871']
592	['v6w9mlsa', 'npe81wc8', '4ylmj9ub', '52lf5gzr', '3huh7iwn']
593	['t006jnl5', '4ehxnzc7', '5tkyir3r', 'wffv669t', '68d30i8k']
594	['58r5wcwd', '1na6yp9b', 'oh5wm5qc', 'v4dbkyjh', 'v1egyqt4']
595	['jfvq2gfx', 'vrs88dcy', 'ex6ktyl6', 'q1nye2ih', 'gvtp8s8b']
596	['ax87r0bj', '09q2so3j', 'gtp5daep', '21lbbcxy', 'byrpj1g2']
597	['w2c01295', 'y43prnko', 'vx1hjh26', '1aqf98e0', '9wnkmn27']
598	['uxz185vr', 'ny7wkswf', 'eyhgtpe0', 'tdwkxwod', 'enttjhgb']
599	['l6ksaaaj', 'x73moqog', 'tpovr13h', 'inj2fxeo', 'jo0m0w68']
600	['k0v1axmd', 'k7b8wj56', 'ohqr1v13', '97vw83zu', '8lnjbxe5']
601	['vf1vku8s', 'd3pxk5tr', 'c3v7rf1m', 'pc2cnhjd', 'aawjla6h']
602	['emg87q94', 'on6ss822', 'qq46f7fu', 'qgzc1moh', 'e3e48idb']
603	['z77wg8j9', '977caq2c', 'cq5z8lqu', 'b7llp5r7', '9xxv8a2d']
604	['nwifmuu2', 'x3z7utn4', 'cz8lw23l', 'xt696aq9', 'y4m987yn']
605	['hvp47bm2', 'kjf63oug', 'jisznsr3', 're8fstqw', 't1vom8f3']
606	['f3swmk24', 'f80cfjrn', 'mnjy6bq2', '4r96f92d', '1aqf98e0']
607	['emg87q94', 'gtwg0m54', 'ovel2jln', 'b7w2n36j', 'vrs88dcy']
608	['vrs88dcy', 'di4p48ax', 'gvtp8s8b', '2ytec133', 'u6a65x9h']
609	['hitaptnp', 'rhgl6vss', '36flecmg', '55wqowbq', 'ocguwlam']
610	['b2w95zcb', '784gmskn', 'ykt09wpj', '53zopedx', 'msb6wgnv']
611	['f6vau5s6', 'k18k0kuk', 'x3z7utn4', 't22hwoeb', '5g70w76j']
612	['7i5awez3', 'sniabjhu', 'az9zt5xx', '2ytec133', 'v6w9mlsa']
613	['ftjrg3dk', '7yias3rj', 't93vc14m', 'ylojjfri', '0vy5yifk']
614	['mdsjbfmx', 'oah1to9w', '6entp07f', '6a8j7hjt', '52lf5gzr']
615	['25aj8rj5', '4pyx0xps', 'h82s5xst', 'ohfi48d6', 'o4vvlmr4']
616	['i6o608fm', 'q44yuued', '53zopedx', 'lx77ln0h', 'x14iywtr']
617	['pg50i2ql', 'pdiyqdb3', '1y1ik2u9', 'fqk8rmiy', '4p6fcy8f']
618	['xxlvyp5c', '5t16srpn', 'x4mgnhbg', 'c0ipfbeg', 'wf72fra8']
619	['x3z7utn4', 'ximw03ej', 'xtmn1n0r', 'w2c01295', 'w1bx4a7v']
620	['lt7qsxxh', 'h1sura49', 'nxabdur3', 'pq85mvab', 'yztfkwkc']
621	['mrsya6wz', 'emg87q94', '7mcfehzc', '944pn0k9', 'vrl9gtcp']
622	['emg87q94', 'dcx6cv2q', '0zu7r722', 'qgzc1moh', 'zd8276gs']
623	['37hn7u3f', 'axd0s9cg', 'd60chk12', 'kajker7i', '312cg7b7']
624	['4vtad2ve', 'u89jd28e', 'u92ruhjj', '0crs45tt', '6a6tyvtz']
625	['3mk8dwf9', 'vu8ao4pt', 'fnok2eoj', 'fai1kymu', 'tjhtk2up']
626	['lda1tyuh', '3qtxnbb2', 'd19v8qca', '2ejg2ngh', 'ixnko86u']
627	['17km3arw', 'nbqne4wp', '855atuue', 'x11ntaqf', '8dbjycgt']
628	['cfhu5246', 'm39qdgey', 'qfrabyp7', 'gihjcu73', 'u8t64wmg']
629	['hunepli1', 'ysrte29b', 'y047cuxp', '01q4pu9k', 'ua7hsfma']
630	['l8zfuhzk', 'iu1d9i57', 'i69uuezd', 'wbhlwq9r', 'xwghd9ut']
631	['yj3yisum', 'iff8cuum', 'a242g5kg', '5t4twnpm', 'eq5qqshb']
632	['p3yxqgpp', 'ii3di3dz', 'b7w2n36j', 'xs0kxf25', '5haoocjx']
633	['o6i5ca7h', '2aoyzj2b', '5tdmh0ac', '8s9l69gb', '2hkdhwaw']
634	['s3o9v1fl', 'whkfvd7l', 'dfhxcqr8', 'i9nchww2', 'vkbsxz7r']
635	['dt2pew66', 'qi1henyy', 'l8zfuhzk', 'u999bx7a', 'x51jorbm']
636	['55lbj72e', 'sybr04qy', 'hbvwm62l', '0l6ruql9', 'jfjxujwj']
637	['emg87q94', 'qc6untrw', 'bttme4wn', 'vpih1wvs', 'ovd98r01']
638	['lnls2mhg', 'xeb14weg', 'xuug2eyn', 'f2ypnls4', 'nbqne4wp']
639	['9pb2eqoa', 'emg87q94', '2f7wqamp', '2rx84imv', 'xtraspw2']
640	['emg87q94', 'ezrarusj', '3kk1l0ag', 'n9nu5n44', 'ge8o93rh']
641	['0i12e4tn', 'xuiswu2l', 'hsm75cww', 'd6ow67k9', '9jqafpkp']
642	['9oejm9sc', 'octtj2vf', 'wcq3qqt4', 's96beqsh', '80yu5aiv']
643	['eflyypev', '46c98cvm', '8brfph9v', 'p9qeaedh', 'focpnnks']
644	['7vsv726x', 'jnmpyovl', '7momt81r', '30pl5tx3', 'beb9lxvn']
645	['w3gt0w41', 'b3ui95vx', '059oj76m', 't8jlihgm', 'oud5ioks']
646	['5yscqct1', 'byw8jsqv', 'qi1henyy', 'eywnnzxe', 'ysf5k0ky']
647	['7jwqm0b2', 'r4j1rcm5', '3jrb0sn8', 'f1ckv4bk', 'jgq968f6']
648	['0h2x79ye', '32v44sw9', 'vx1hjh26', 'zqekxlz9', 'fa05sovj']
649	['2sp8nm0i', 'ua10zb5y', 'ebvarrr7', 'l3bruaeh', 'emg87q94']
650	['3sclz1lq', '2v6zigt8', '8o2xddof', 'ekal5251', '1l4o9pko']
651	['0rsbmh48', '5oy0q6ca', 'zsra2yz3', 'hhswage4', 'ovel2jln']
652	['u3832seg', '29z4q4fs', 'q1yn89cq', 'vpih1wvs', '1l4o9pko']
653	['uyzalds2', 'ljpeq5aw', 'ofgv3p8y', 'y04dub8o', '2f09vauy']
654	['s0ca1r5s', 'nxu1xoax', 'jz6o9gnb', 'i8byjktt', 'e5flh0af']
655	['913sln1q', '1l10diya', 'y1uk8yfa', 'd8gx7xbj', 'l16a5nq7']
656	['en0obmna', '46no7uq8', 'jw42gokv', 'e8fhlo37', 'gap91mwc']
657	['pdiyqdb3', 'fo9uq389', 'ewf1z1ee', 'tgd6gy3z', 'ledopkwj']
658	['extp8epx', 'vmmztj0a', '8rvhqd9b', 'jnmpyovl', 'oo6ba081']
659	['3nf5bxv3', 'dq6iyabh', 'mkl7rvr6', '34hbc1w9', '9txgtl28']
660	['x5m6u9pg', 'umrk96gz', '19skljon', 'hyezouy8', 'xi17qo6z']
661	['4pyx0xps', 'rqqyym05', 'xuug2eyn', 'cjfn4dna', 'geo7ac5i']
662	['mjb3ip7a', '7wsumadw', 'lvydhfej', 'gbpfypmn', 'oud5ioks']
663	['20xgqvxc', 'mqu6d8sp', 'awx9lcfk', 'ion9fkpg', 'ioclf03d']
664	['f97doeoj', '4vq9ljlg', 'xp2qkk52', 'bzn7wd36', 'am2rrgrb']
665	['gln6e0t4', 'no7n99cg', 'klj710h2', 'gcsew8u3', 'mkl7rvr6']
666	['ntra3jhs', 'lv5xjfk4', '0jl6qu0i', 'u5rbvc3i', 'wd7drbky']
667	['j4p46aiv', 'tn8houmc', '8th933g4', '0aik5i71', 'kit7dfi2']
668	['emg87q94', 'qgzc1moh', '8vx56qlk', '2dixw8up', '2ui7z8wi']
669	['r76tqrwz', 'd21lvneh', '0r580il2', 'ax3e82js', '1l4o9pko']
670	['lbrpbhpg', 'bfm45zas', '6a728le9', 'xvphsdg7', '6j45mmjh']
671	['qsyqnwn5', 'ef3warsh', '1vcc1khg', 'w0ebmg16', '8iqs6jko']
672	['qgzc1moh', 'emg87q94', 'eagkc9ty', 'k7vjqzx1', 'dq3qunwe']
673	['sywxrxmf', 'b7w2n36j', '9wnkmn27', 'hert77y1', 'roe6g61u']
674	['8ko7mmu3', '1vcc1khg', 'mja2qlpk', 'iylmvmv3', 'y43prnko']
675	['k5jkntul', 'bre2ijbb', 'q93luiw2', '93amoypt', 'ktm0akxd']
676	['o47v5vgw', 'h2uc7ria', 'ufcheghf', 'jfftgjta', '6kbdxhxv']
677	['bmmdygbs', 'r3w90vg8', '2qcuygax', 'rb20ge7e', 'y5vucvev']
678	['wcyqks52', 'dq3qunwe', 'emg87q94', 'qgzc1moh', '2dixw8up']
679	['52jtd51o', 'sgo76prc', 'gvtp8s8b', 'xkqajjgw', 'o6zww1rr']
680	['16qdfits', 'a0q61mpi', 'v34r4tix', 'q7pieq3w', 'am2vzj11']
681	['idtt3frp', 'zq9ehv7a', '1iclw0nt', 'jtwb17u8', 'gunn55f9']
682	['1gbq9j88', '6cttilm8', 'abjt5vfd', 'cz8lw23l', 'f3dkdm7j']
683	['wjktna81', 'fq5nayxt', '9kk8pevp', 'mja2qlpk', 't22hwoeb']
684	['v4y49n7i', 'ii0ceksc', 'yb6jk5j0', '0ho4f5wg', '94w1sbsb']
685	['ghabnnv0', 'nyvmlxqf', '0l5li1f0', '6fmc5mbs', 'l5kr2dw8']
686	['02p4et0u', 'b5eve7re', 'tk0iwpnb', 'u89jd28e', '3w5ouagx']
687	['20xgqvxc', '5tkxucuw', 'awx9lcfk', 'b9jcuwu5', 't9hbbqay']
688	['emg87q94', 'qgzc1moh', '2dixw8up', 'd8xgzvda', 'qq46f7fu']
689	['fdkt6moe', 'dayqtzfq', 'tf5a48i2', 'pmd78j61', 'ppuki7qn']
690	['vrl9gtcp', '5s1uj2qi', 'b2w95zcb', 'j8666ial', '3qgwoblb']
691	['ucmzbezx', 'zecuhkcd', 'gdfvt4pu', 'wqtemjy3', '0lk8eujq']
692	['r7kvv48s', 'g05z8cux', '9btdjktj', 'z3msyl45', 'bbs7zocu']
693	['sy2i7qe0', 'gk3wr6s1', 'uk6whrhz', 'o0m20894', 't1ho5c9h']
694	['k7smwz6w', 'f5g3mcee', '4dsq1dds', 'li8kvzdh', 'r0taoqsw']
695	['d6ow67k9', 'p5nte83n', 'e62t4wrn', 'esizmxoz', '70nbsrl4']
696	['zecuhkcd', 'ucmzbezx', 'wtovv1jy', '0qu9kwm1', 'q6ho9pdk']
697	['nmmayjcp', '25aj8rj5', '4pyx0xps', 'f5ehif2w', 'q8aee7g0']
698	['y2zcwcic', 'xneu8glk', 'b9jcuwu5', 'awx9lcfk', '2tax8ajw']
699	['jnmpyovl', 'd6ow67k9', 'l8sozg8v', 'oo6ba081', 'dc8z4jzo']
700	['53t1mhnb', 'hrqjrrzp', '898oxxqi', 'obhm5mc5', 'pbb9nrba']
701	['vrhrc7v6', 'zj3oixvk', '7np944lw', 'uj0k84vk', '65gedo6u']
702	['8zm7n7j9', '2oi5km6u', '6gxw2mhq', 'h82r1ttc', 'zoipx650']
703	['ch7nna59', 'jtwb17u8', 'iy1enazk', 'iobpcfs5', '3yi44xfe']
704	['4unn3fmu', '5351oj7i', 'emg87q94', 'qiphsrjz', 'l9bswegi']
705	['f3j0g82b', 'lsiy3quw', 'e8fhlo37', 'sb3y2w6c', 'p703e396']
706	['9bhi3rqu', 'zq4ty9rw', 'j1kzjre0', 'v8ujnrbi', 'cvbxv7h7']
707	['65fwicjz', 'ex6ktyl6', '1foh6k53', 'v6w9mlsa', 'lvw0cnwj']
708	['ovel2jln', 'gvtp8s8b', 'gz84xy6q', 'ebvarrr7', 'qfrabyp7']
709	['ivy95jpw', 's0ca1r5s', 'qgzc1moh', 'x8erq4pc', 'l97yi8l9']
710	['vndj6f7w', 'gtwg0m54', 'vrs88dcy', '33wqmdnk', 'tra5ewc5']
711	['n6lwnct5', 'wcyqks52', 'emg87q94', 'leqluxpl', 'nzfpgxa0']
712	['emg87q94', 'qgzc1moh', '208w0eyz', 'wcyqks52', 'qq46f7fu']
713	['nln6pl3h', 'n0actmsc', '4d6az41t', '4cnk76lb', 'n2wqalcu']
714	['emg87q94', '4gr6i8rf', 'm8xfza1d', 'wt6azxc1', 'e49rdu76']
715	['n3swuykg', 's7v66pvg', 'l6yr6ang', 'tonemvd7', 'iyi2fwhf']
716	['r2hovw0y', 'l2i3aa3k', 'bmgfoine', 'nle4axad', 'f6l0hwyw']
717	['f6i46t3h', 'vge26qe9', '71ixs3y4', '78kbutc3', 't0pnlikx']
718	['sjkni2uc', '9jqafpkp', 'emg87q94', '35xqlryc', 'vpih1wvs']
719	['emg87q94', '32ua8wb6', 'v67s4yz9', 'q7vv128t', 'gdfvt4pu']
720	['dx53hxej', 'ca1v4k3h', 'gap91mwc', 'h8biqqdw', 'zjbclhj3']
721	['o29hjkca', 'l56c020a', 'lgptgv72', '3xup6glg', '35meen0h']
722	['ivug325f', 'pxhetma5', '8hvve871', 'upf0ecx7', 'nnp6sv19']
723	['emg87q94', 'qgzc1moh', 'wcyqks52', '2ui7z8wi', '2dixw8up']
724	['dztaijzu', 'qfrenkb6', '4fzzoj14', '60la1jr7', 'yrmeweat']
725	['emg87q94', 'wr6qa1vr', 'qgzc1moh', 'qq46f7fu', 'frx9hfxg']
726	['z795y51f', 'fe72aj3a', '1l3b0hqj', 'c7g2ah72', '0l5li1f0']
727	['8hvve871', 'kgt61kcu', 'wjdif3r3', 'ayglihws', 'vzloj6b3']
728	['fypodr9a', 'q23a5txz', 'rfchb7ar', '5zp3p2g3', 'fa05sovj']
729	['8xf8u6bg', '9enbrd6h', 'u1ilcmm2', 'lkrh3svp', 'tb8k979g']
730	['1l4o9pko', 'aakzdkcj', '9wnkmn27', 's0ca1r5s', 'lm73oj21']
731	['qq46f7fu', '1d49odsq', '2dixw8up', 'xtmn1n0r', 'daxv3reg']
732	['4socpj73', 'a68y6qsf', '0b1dbz6q', 'fety7g0q', 'p0s1cpyw']
733	['4pyx0xps', 'qa1tbu6t', 'so6irh9b', 'r4fd5vp6', '3qefts96']
734	['fjzhe9tp', 'mlozjg9h', '1rxw5xro', 'nok0yfzv', '1ma4hp52']
735	['emg87q94', 'qgzc1moh', 'wcyqks52', 'qq46f7fu', '2dixw8up']
736	['wt5qxe0j', 'tk0iwpnb', '7hh0pffh', '12yshnt5', 'ivue7zob']
737	['egn81atf', 'ec13mu0q', '9wx4ltyd', 'ybyk54ts', 'su41e4vo']
738	['ashxoaav', 'f4x16qyh', '7b570emm', 'leqluxpl', 'hzn3qus3']
739	['iid4bnvw', '1315iz0v', 'qt5qv3zx', 'fad1yyqx', 'arcz8ku9']
740	['drto66xt', 'rwevmwcr', '5fg1keua', 'x64zft78', 'ohyvuybc']
741	['ucmzbezx', '445cz8gu', 'q55l1chd', 'aakzdkcj', '9hpkmjvu']
742	['b5eve7re', 'ofgv3p8y', 'sgo76prc', 'z7o5vt6p', 'r5v2gi3v']
743	['s0ux3xzk', '41yfx1ev', 'ca1v4k3h', '4cy3er3y', 'wm6iem8d']
744	['tfpa12kr', 'zmkvs7e7', 'ax87r0bj', 'i0swl50w', 'icz0wnfb']
745	['sywxrxmf', 'tmp6yxlv', 'mo23hpe1', '4hdj6mtf', 's0ca1r5s']
746	['du7ba2ky', 'tah4bpj1', 'emg87q94', 'qgzc1moh', 'w3u3vmd6']
747	['irx4pcsx', 'qq46f7fu', '2dixw8up', 'm41w2007', 'h2shhuee']
748	['1s8jzzwg', '2bupc5jh', 'x51jorbm', 'a2voobqa', 'knbngla3']
749	['p7cbnrji', 'j5b0f3uk', 'rmyy6fni', '7cakttlp', 'w3zbf5k4']
750	['52lf5gzr', 'gcsew8u3', 'su028g3j', '9f7k0q1h', '85jx7i06']
751	['oaq5a5i3', '3mk8dwf9', 'ca04j8sc', 'yn7e3do9', 'i3jsvtwp']
752	['t4y1ylb3', '7a543f7v', 'htn03ms0', 'ruewzstg', 'o86wki37']
753	['r7aqsyfl', 'r1tp27z8', 'kff7ho04', 'qa1tbu6t', 'mqyu72nc']
754	['ngbnnpni', 'gcku08s7', '5g02ykhi', 'z5jbjx59', 'dlwfu274']
755	['25aj8rj5', 'jrqlhjsm', 'o6zww1rr', '8hchfgx6', '4pyx0xps']
756	['usyduiti', 'sxi0tpsf', 'wq92nfnd', '1vcc1khg', 'opjfy3xr']
757	['emg87q94', 'qgzc1moh', 'dq3qunwe', '2ui7z8wi', 'd8xgzvda']
758	['mja2qlpk', 'li8kvzdh', '121p2shq', 'l9lni5d3', '104lecie']
759	['31idktk7', '9dlaaye8', 'nnkul2r2', '7qrdvap1', 'yt7xnkaf']
760	['onjgfr4j', 'emg87q94', '446p4tbc', '4zd58eqy', '2isgi6sl']
761	['gtp5daep', '4pyx0xps', '25aj8rj5', '7jwqm0b2', 'xe29akkm']
762	['gha1wg4w', 'y6jrt5xh', 'emg87q94', '5jl2whuu', 'z6elaxpc']
763	['zj3oixvk', 'ut4d68ti', 'gk3wr6s1', '34ulkvl4', 't22hwoeb']
764	['6buxpp8x', 'ef3warsh', 'dpt7sh4h', '25aj8rj5', '0ojzssli']
765	['vnvcunml', 'kkbed30m', 'l2ak5ygj', '859q36i1', 'tbio295u']
766	['ohfi48d6', 'o7ww2prj', 'ebvarrr7', 'y4cqgbm2', 'gtwg0m54']
767	['gtwg0m54', 'c3v7rf1m', 'ebvarrr7', 'vrs88dcy', 'b7w2n36j']
768	['3xx7rw6y', 'n2ozusvz', 'mqu6d8sp', 'phpijxb9', 'owbv8ua4']
769	['ufzjvdho', 'jo489zm2', '5g8u35f8', 'cfkh0ypy', '98t617oo']
770	['b1g23kz1', 'dayqtzfq', '8lnjbxe5', 'f3dkdm7j', 'k0v1axmd']
771	['4gj7qdtw', 'd6ow67k9', 'vpih1wvs', 'fiicxnty', '2ejg2ngh']
772	['g3hujz5o', 'duwr9b5b', 'lvbutmio', 'ioey6zgd', '1bp33rmc']
773	['l5nncxqo', 'hpj8gb4o', 'v7ckvxjp', 'fmivg2cb', '4jri92pu']
774	['sgo76prc', 'mlrq0rjf', 'hws1e4tv', 'ngpl6xs1', '3w5ouagx']
775	['8gl323hs', '8co5gwkz', '9183740p', 'hnj1jqr1', 'ogdqq3dl']
776	['dt2pew66', 'w1bx4a7v', 'yx0u0iyw', 'cg6v3yma', 'x9sfgtim']
777	['i6zofi4g', 'dcx6cv2q', '8dgahmka', 'mrc41hu0', '6gcgzx36']
778	['95e1kuux', 'gu4mz2vp', '1r9975o8', 'dztaijzu', 'fz14yjvm']
779	['edsrpgjo', 'yjm6asp5', '3b63v8ja', 'bzeqs5oh', 'wf72fra8']
780	['q473xazz', 'dx9hez38', 'b2w95zcb', '8i2ryrfe', 'psaq958v']
781	['nvbt5gxl', '3i82sxk8', 'wfa5fb3r', 'i8jv5iqo', 'entkqcn3']
782	['m39qdgey', 'cvkdpnn3', 'fg9cy17k', '18f7x2ci', '0qtbhr54']
783	['itqi22lv', 'mmh5znrq', '6r79qt66', '6gm8kaqi', 'az9zt5xx']
784	['mkgszhkk', 'jb455t9p', '844229sb', 'uhkff67h', '6vqf2n5j']
785	['ua10zb5y', 'c3v7rf1m', 'ex6ktyl6', 'gvtp8s8b', '11d18w9y']
786	['ajqbljai', 'x220pjeg', '0u4nmrq4', 'viqy2ec5', '8xvqq5eh']
787	['ukca8cqw', 'iobpcfs5', 's0w95qdn', 'tvzn0112', 'e85xdrcw']
788	['b2w95zcb', 'vxmamhkx', 'x6cozo6b', 'k7vjqzx1', '20xgqvxc']
789	['4cqf9v2v', '58r5wcwd', '7j5zmg8w', '4mjg7jul', '5wlbalzu']
790	['9svrz0vj', 'l375v2my', 'aq8ckfv7', 'c0c60pyi', 'qj1v04cf']
791	['6j9x3pn5', '7ddw02f7', 'unnrflmr', 'rimct0c4', '6gj02k04']
792	['3otvtwbb', 'xs7vkm19', 'h6dsjkvz', '95e1kuux', '7fe2vdm7']
793	['9dnj4ppj', '0b1dbz6q', 'ovel2jln', 'u95kg3m0', 'nles7ymd']
794	['1b5hb0g9', '43ocdbp5', '1315iz0v', '8p0j9nvq', 'fad1yyqx']
795	['gvtp8s8b', 'qfrabyp7', 'gz84xy6q', 'l73htuz1', 'vrs88dcy']
796	['y43prnko', '9pb2eqoa', '1vcc1khg', 'ximw03ej', '1aqf98e0']
797	['1gv3t5t0', '9th9mm7e', 'tf5a48i2', 'eza5qh47', 'fai1kymu']
798	['vrs88dcy', 'atloc9th', '1s8jzzwg', '2gjo4oqn', '2rx84imv']
799	['25aj8rj5', 'jbpmbm9m', '4pyx0xps', 'd3530i86', '8gl323hs']
800	['ylqpkosd', '2f9vpqej', 'jki3gdxl', 'c2a07zg0', '844229sb']
801	['wnm89gfo', 't90pvtad', 'bh8zshy9', '8x3lqokw', '5g02ykhi']
802	['gtp5daep', 'snlukr6c', 'nkx5zdfg', 'otawq1c8', 'mo3y3mau']
803	['ub3kjqkv', '4mjrpjit', 'xbqbwh9j', 'ksvw62gl', '9kq9o5wp']
804	['emg87q94', 'qgzc1moh', 'eagkc9ty', 'qq46f7fu', '2ui7z8wi']
805	['8mmau2lz', 'tbojvfq6', 'tafg1xoo', '5esyjt0l', 'i8byjktt']
806	['ipon95io', 'j41c15mw', '65efipbi', '9mdf927z', 'spiud6ok']
807	['5rsxnrdr', 's7v66pvg', 'gvn2v6rt', 'faue5ywu', 'rll6asw2']
808	['v29jmh6s', '8twdx4g2', 'z5rwznmv', 'aspn870c', 'bpv5wgm5']
809	['6gb1za5h', 'j2t0ofgt', 'jnmpyovl', '91gytlg2', '20xgqvxc']
810	['pppb83nc', 'lr5lumdr', 'jnmpyovl', 'uaccs7k9', 'd6ow67k9']
811	['80dfqjql', 'k9xhphpl', 'tjplc5j6', 'vpqwkmlv', 'ltwo2mf6']
812	['1vcc1khg', '2199ydle', 'h7ftu3ax', 'fj6l76hq', '8ko7mmu3']
813	['jisznsr3', '195h4ofw', 'zu5mg2im', '4pcv1i3i', '0oxo2awm']
814	['zghh0zbd', '47p4g80o', 'extp8epx', 'f2ypnls4', 'a6gczznx']
815	['ngbnnpni', 'frr4vu0w', 'gcku08s7', 'gz84xy6q', 'yb6jk5j0']
816	['ybpev0vi', 'uk6whrhz', 'tloczjn5', '296lr317', 'zt5alyy2']
817	['p6uliadr', 'q4m2uj6r', 'cpc1yefj', 'uexahhdr', '5dbuxvc4']
818	['gruir7aw', '4ylmj9ub', '9f5i6crg', 'dfyshke7', '5d1131zt']
819	['j0bu0upi', 'ix4zo0ha', 'cd81i918', 'tpic8ddl', 'llow5xll']
820	['isxasd9b', '1n2r829p', 'pvrp8u8n', 'jnmpyovl', '1px7yvew']
821	['e1macqqm', 'i8byjktt', '0fpa1f30', 'smrtrxup', 'gme1zk3n']
822	['h7hj64q5', 'u0vhs2d7', 'fqdu9uo0', 'fx2ikn2t', '0yea1289']
823	['eef8mem7', '3vx85o8n', 'vpz3o29f', 'zx9wt8wi', '2jwuzfan']
824	['jbmzvljk', '1nmzo9at', 'b2w95zcb', '57qk34fx', 'vge26qe9']
825	['s23d5pns', 'mt61b7o7', 'd7tk12u2', 'tmdsyzyt', 'ukqhpm5w']
826	['o476dtgd', 'f3j0g82b', '0o3wjvpx', '34ulkvl4', 'eohd0jjy']
827	['4dsq1dds', '9f5szh9i', '1iqfm496', 'p9fhtjen', 'tljydrnu']
828	['zoipx650', 'mc77aqbq', 'sm0112e3', 'm5udbs4f', 'vvuaegse']
829	['dgnddq80', '4ckob7b0', 're8fstqw', 'upqf41te', 'cdr032lw']
830	['gtp01rna', 'o7ww2prj', '0ul6k6uw', 'qbj8n8h6', 'i3jsvtwp']
831	['ko42qlzr', 'jdo7afuh', 'gvtp8s8b', 'kit7dfi2', 'ovel2jln']
832	['emg87q94', 'v06kyana', '97vw83zu', 'cuw2sx2e', 'kugpzkyx']
833	['gtp5daep', '7tqxng6p', 'ax87r0bj', '94rcj9nc', '21lbbcxy']
834	['9h4zzo5q', 'f0judfwn', 'yaedocvp', 'w0ebmg16', 'r7s2ezb4']
835	['ua7hsfma', 'hgpiig0g', 'j2t0ofgt', '4bbapd1t', '25aj8rj5']
836	['z22g03v4', 'n311ptne', 'np1y2fkt', 'aawjla6h', 'kl3mfkoh']
837	['gvtp8s8b', 'ryfz5xsj', 'bcttenl4', 'gtwg0m54', 'f72i7wxu']
838	['qeqd4soe', 'fq5nayxt', 'ultl3rpu', '9wnkmn27', 'ax3e82js']
839	['xe8t3uqp', 'jnwuu08w', 'xneu8glk', 'dksw5yzp', 'vxmamhkx']
840	['4pyx0xps', 'wr6qa1vr', 'l2ak5ygj', 'geo7ac5i', 'bdlhd5i1']
841	['25aj8rj5', '4pyx0xps', 'qgzc1moh', '97vl2cfl', 'g15tvzn4']
842	['6gm8kaqi', '34ulkvl4', 'gk3wr6s1', 'tgstsac6', 'sy2i7qe0']
843	['b7w2n36j', 'oqhmvpjm', 'c3v7rf1m', 'emg87q94', 'qc6untrw']
844	['k2jzadwq', 'x3z7utn4', 'itqi22lv', 'vxmamhkx', '0pptqw7o']
845	['emg87q94', 'eagkc9ty', 'qgzc1moh', '2dixw8up', 'qq46f7fu']
846	['a4kjk836', 'j5vhny44', '04vbjlab', 'dlwfu274', 'k9xhphpl']
847	['pp6ktvv1', 'x14iywtr', 'pg5ts74v', 'b3ui95vx', 'oud5ioks']
848	['vbx8khih', 'zsra2yz3', 'vgmzb03s', 'ylqpkosd', '0o3wjvpx']
849	['sdij1d90', 'mim419b8', 'xmjj1s5s', 'xli7wyg4', 'gk3wr6s1']
850	['dgnddq80', '4ckob7b0', 'gz84xy6q', 'ex6ktyl6', 'qc6untrw']
851	['r58aohnu', 'mcmqx7og', 'ordof7g5', '2ui7z8wi', 'd6qr2abi']
852	['u99omznb', 'u3832seg', 'l72grjbg', 'ovd98r01', 'lxdcelk1']
853	['m2id6kxw', 'h2shhuee', '6wpyxcuy', '7tp8z7n8', 'q9bwvh0t']
854	['yjm6asp5', 'p8xpavbg', 'nk8m2dxt', 'qxy2p79x', 'm9g1d7i2']
855	['wgpty5w3', 'zkb1zbvq', '8g70j0qw', '4jjuwc9r', 'prqrsb3c']
856	['1l4o9pko', 'aakzdkcj', 'o8nf7nd0', '14alhxc3', 'ultl3rpu']
857	['pm3ck1gk', '0g4xxy3j', 'pg5ts74v', 'w0lgteil', 'bhjwd01o']
858	['idtt3frp', 'lpoxaetv', 'opckeugf', 'afytjnny', '6ffz2va2']
859	['jbs3d5xo', 'bx7vz0r7', 'fqya0vnh', 'geo7ac5i', '29z4q4fs']
860	['tk0iwpnb', 'tp7wthiv', 'b2w95zcb', 'lclxe7i9', '1iqfm496']
861	['8iqs6jko', 'w0ebmg16', 'f0judfwn', '2rx84imv', '7auounlr']
862	['emg87q94', 'qgzc1moh', 'wcyqks52', '2ui7z8wi', '2dixw8up']
863	['9h74xlvv', 'itqi22lv', 'buswbfd5', '6gb1za5h', 'wqri0z4p']
864	['xkqajjgw', '3fagnql8', 'awx9lcfk', 'e4xw6gyp', 'p5nte83n']
865	['zuc538yd', 'ygn9oiir', 'eknllnci', '5esyjt0l', 'ptihe6fu']
866	['pxulu0hl', 'stew8m7u', 'js91utss', '4py6l839', 'erygg5u2']
867	['1iqfm496', 'e4xw6gyp', 'ca3h96bx', 'snlukr6c', '0i12e4tn']
868	['k18k0kuk', '1l4o9pko', 'nq7yzfhi', 'oud5ioks', 'raw2mt47']
869	['8gl323hs', '0oxo2awm', '0lk8eujq', 'pvrp8u8n', 'gha1wg4w']
870	['a0q61mpi', '25aj8rj5', 'ajzcx2rg', 'gsgbhqwl', 'b0545v23']
871	['foy3dsq4', 'wdfzrzkt', 'asygd3yx', '2ui7z8wi', 'fpexa30s']
872	['r58aohnu', 'ordof7g5', '92z77upt', 'a0q61mpi', 'wdvuweiq']
873	['dt2pew66', 'zycgczqy', 'ii0ceksc', '6pn9jwfn', 'agpuilt2']
874	['1vj9p7vm', 'w036x5gr', 'msxp1qkx', '4kyy2g76', 'px3vhh6a']
875	['j0uojajt', 'yr27lnq8', '8f83k2ce', 'm847xdzk', 'y1uk8yfa']
876	['65efipbi', 'feecx1ig', 'kjc1jdvz', 'vmmztj0a', 'cxqzo58q']
877	['emg87q94', '2dixw8up', 'qq46f7fu', 'tk0iwpnb', 'qgzc1moh']
878	['6a8j7hjt', 'e49rdu76', '0u4nmrq4', 'ohyvuybc', 'axy3jx7l']
879	['qq46f7fu', 'dq3qunwe', 'qgzc1moh', '71ywsj3a', 'k457kqlo']
880	['4pyx0xps', '25aj8rj5', 'geo7ac5i', 'ohfi48d6', 'fxwszm22']
881	['8iqs6jko', 'x51jorbm', 'h2sza0if', '607lsqlg', 'dxrltm25']
882	['45y7jepy', '6srmai2o', '33xgu2rw', 'xxy10tcl', 'kk5adtim']
883	['dgnddq80', '4ckob7b0', '2xjv2fb6', '4jjuwc9r', 'prqrsb3c']
884	['0cnjtxyq', 'w1bx4a7v', 'w2c01295', '20xgqvxc', '4frv2vb7']
885	['2jwuzfan', 'v6w9mlsa', 'h0q93in1', 'bn0fegqg', 'jnmpyovl']
886	['jnmpyovl', 'oo6ba081', 'dc8z4jzo', 'v5beddu4', '7vsv726x']
887	['xshqu7qm', 'nmdlet38', 'qc6untrw', 'zu5mg2im', '0ojzssli']
888	['ot1uz6vc', 'xvctmmzt', 'd1p8zo23', 'y77rbrnd', '7n4t8i2n']
889	['b5eve7re', 'sgo76prc', 'u89jd28e', 'dlwfu274', 'utak6i4e']
890	['lsojoa7c', 'ogrlupbx', 'pz3e9y4i', 'ppsk31u8', 'pxnyi2u1']
891	['u4doukk7', 'cmx0rkvl', '5053t5ki', 'wq3ulivi', 'c2a07zg0']
892	['4hmecfi0', '0l6ruql9', 'p2gzup4w', '3jgm3uhs', 'vxmamhkx']
893	['nvphu1fm', 'iez1j9jn', 'b8c309hj', 'ez1l3m4o', '4qp083h4']
894	['ebgu29uh', 'hp62t734', 'vpoqfm7d', 'i5h0gm3u', '4u3v4vyu']
895	['j4pgpxoe', 'emg87q94', 'gvtp8s8b', 'vrs88dcy', 'c3v7rf1m']
896	['emg87q94', 'b7w2n36j', 'vrs88dcy', 'gvtp8s8b', 'c3v7rf1m']
897	['emg87q94', 'wcyqks52', '2ui7z8wi', 'qgzc1moh', 'bidvx8hy']
898	['dfl69g4f', 'xl3519jo', 'uk6whrhz', 'zdlbsuys', 'pqt10xzt']
899	['auvehdq5', 'y930bpqt', '1gv3t5t0', '3huh7iwn', 'k2jzadwq']
900	['rhgl6vss', '5c1e0770', 'hitaptnp', '55wqowbq', 'bv7hvc1e']
901	['pj7no3fe', '2dixw8up', 'pbb9nrba', '52lf5gzr', 'pqt10xzt']
902	['ocxl6cf4', 't1ughb9b', '7a7oi5dt', '9ok153yl', 'ulfz0b15']
903	['od0y5ruh', 'pggf4wyo', 'msra1ghp', 'zy48nad1', 'ku59o299']
904	['xhkjbeam', 'rgpsvy91', 'hjmjav50', 'cvxni7cd', 'e9xx6mhg']
905	['yjsxen4d', 'pibg1iw7', 'qk8e2ac1', '0ockdyh0', '2cq5vpyd']
906	['yr27lnq8', 'n5ogyxz7', 'gbpfypmn', '26kx1b0h', 'tgstsac6']
907	['6xxm7hcs', 'f8ah4lzx', 'uyb0of5p', 'ex6dyr77', '3wg6flz0']
908	['6o7q57xl', 'z9vjo98p', '5rsxnrdr', 'zpv5f8pr', '05vmhjjp']
909	['zq6oe8w0', 's3qkscw7', '918wd3ez', 'qdtm4s83', 'li2azcgi']
910	['ssskg86y', 'r2hovw0y', 'oijl3pjt', 'o7qytdl5', 'k1w2wxnu']
911	['a7frertc', 'rytzyf1j', 't2gxkxxd', 'emg87q94', 'styavbvi']
912	['uohbxoeb', 'a40yhtqk', 'onjgfr4j', 'bzeqs5oh', 'zbi0llig']
913	['qnuphz59', 'jwei2g97', 'svl5ks44', 'dcfqvp4p', 'jfdwo189']
914	['ii3di3dz', 'jpenhh92', 'zu5mg2im', 'emg87q94', 'qgzc1moh']
915	['z795y51f', 'ixhaq0az', 'hnsv4ov0', '9ppg80x4', 'xolflz8g']
916	['4pgish5x', 'ki93iltt', 'qowp861l', '08p8ns2d', 'ppe8br4z']
917	['h8ykn6ut', 'wt5qxe0j', 'xi90m4jk', '9bhi3rqu', 'kq6rups8']
918	['h2shhuee', 'gvtp8s8b', 'ajwhnmli', 'emg87q94', 'fq5nayxt']
919	['fnedip6k', 'qc6untrw', 'bsq640o8', '977caq2c', 'gz84xy6q']
920	['vg96f35h', '7e3kiox2', 'lvw0cnwj', 'zpxnr9s9', 'c4ihkcyr']
921	['r7s2ezb4', '9f0bjknz', 'ebbaw3td', '0l5li1f0', '2rx84imv']
922	['znpc5jq2', 'lorpo8uk', 'vxmamhkx', '32z7b3fp', 'y9fqa20z']
923	['mlo8zypy', '9n7bkayx', 'obhm5mc5', 'ua7hsfma', 'qalficgu']
924	['tu1vevx9', 'e1rl383p', 'emg87q94', 'qq46f7fu', 'far6giyb']
925	['q1mq5f2t', 'sgo76prc', '7s79900j', 'ngpl6xs1', 'sykjpaz2']
926	['gk3wr6s1', 'jnmpyovl', 'emg87q94', 'fzbs46fk', 'l5sn0cx6']
927	['rcb943w2', 'dkfohub3', 'ssdqobqb', 'amw2c96l', 'i1icueuw']
928	['s82tyeis', 'gqifyp7g', 'itwp8mlj', '52qpcg63', 'edz3up3a']
929	['7ddw02f7', 'hinu974s', 'm1bvurwi', 'wdtrpnkn', 'hgvqjtfa']
930	['fo815n5l', 'spkjn8bq', 'j1kzjre0', 'jmu2cfnd', 'wgfdd3lm']
931	['emg87q94', 'gz84xy6q', 'fiiyythk', 'gvtp8s8b', 'h2lnqvsv']
932	['0vhy44iq', '07a30kd9', 'yadb7gwj', 'pj7no3fe', '3h3ihfyq']
933	['auvehdq5', 'ua7hsfma', 'wnpmwne1', '5s1zz2lm', 'faec051u']
934	['emg87q94', 'b7w2n36j', 'jqueo6zg', 'ovel2jln', 'ir20eiqr']
935	['7bhue8w5', 'mg9kypvn', 'wz6446aw', 'dudc5eh8', 'x924tb4t']
936	['ekgqdjlk', 'd0nacth6', 'inc5b12i', 'pg69ww3a', 'ds7qon66']
937	['0lk8eujq', 'sm0112e3', 'z22g03v4', '104lecie', 'zu5mg2im']
938	['emg87q94', 'gysvo8e9', 's842zn9l', '3fagnql8', 'd3530i86']
939	['s0ca1r5s', 'zqzs6vtf', 'tq2vdo88', 'jeufhpkq', '7th3d6wk']
940	['gtp01rna', '0eftiyuw', '6j45mmjh', '6qai5sev', 'yn7e3do9']
941	['wcyqks52', 'emg87q94', 'qgzc1moh', '2ui7z8wi', 'qq46f7fu']
942	['3cr97dii', 'n5c0hcwn', 'pxo5uh4w', 'y349r3r6', 'tadojzoj']
943	['kq0cu73r', 'oz1dkdu7', 'grccu4kh', 'ro3o27pv', 'gywxvzm6']
944	['nxu1xoax', 'onlly1ga', '9wnkmn27', '1l4o9pko', 'xnrb0byz']
945	['0u4nmrq4', 'nzfpgxa0', '6gm8kaqi', 'qc6untrw', 'eknixot2']
946	['wt6azxc1', 'la2wvnb0', 'l2ak5ygj', 'xigbp7vh', 'y4eyse0y']
947	['y203109o', 'von13s78', '0ctlde8w', 'jbpocl1k', '8s9l69gb']
948	['7qxs79qy', 'jc26e39s', 'd0tg9i90', 'rll6asw2', 't019zx7q']
949	['65efipbi', 'jjgfgqwg', 'vrs88dcy', 'gvtp8s8b', 'u6a65x9h']
950	['h7n8w2k4', 'uom5r1pf', 'h4otzeah', 'be8eu3qi', 'dx2cx9lx']
951	['xcsl2evz', 'k2qj6o7j', 'h2uc7ria', 'mw0wb8a8', 'bawgldfi']
952	['a0rvtsog', 't4y1ylb3', 'kmwfce00', 'uvhzw6c9', 'ec13mu0q']
953	['ngb7pbyl', 'qw5rpzws', 'ix0xi5jb', 'mb18fj8a', 'uc0qkegm']
954	['ag18sokf', 'vxv7pq8v', 'gw9hkw00', 'reigmh19', 'c00jgkpg']
955	['w1bx4a7v', 'ff6amr0c', 'skm4qtgx', '2bpyvgv7', 'r66vfirw']
956	['5aev7ltr', 'qgwu9fsk', 'oud5ioks', 'lty6oq3d', '8hbll61z']
957	['dyxfsojh', 'eecwjrdc', 'xavegbty', '2s1io2fg', '7kxi7px1']
958	['jnmpyovl', 'p3cxk8gd', 'kt47i60w', 'dksw5yzp', 'hgvqjtfa']
959	['emg87q94', 'eagkc9ty', 'wcyqks52', 'hn6clwoj', 'qgzc1moh']
960	['wbsl6n67', '25aj8rj5', '4pyx0xps', '6sy80720', '2jdlavwj']
961	['jnmpyovl', 't4os33em', 'k36t200n', '2tax8ajw', 'o6rgoe9t']
962	['2bzq2ayq', 'qvj36vut', 'ashxoaav', 'oa5yvpn7', 'lby3xhmp']
963	['e9xx6mhg', 'c187k4yc', 'jnmpyovl', 'r0taoqsw', 'mkl7rvr6']
964	['emg87q94', '121p2shq', 'c5be70t6', 'knlc3bxh', '65efipbi']
965	['nnkul2r2', 'ovel2jln', 'b7w2n36j', 'otjnwb4s', 'g0za5fqi']
966	['x9veckdi', 'en0obmna', 'vymre7uv', 'n9zqc1gm', 'xo7q4dqr']
967	['w750idb5', 'k7b8wj56', 'itx70h27', 'jq9hku2o', 'g36nudpa']
968	['xavegbty', 'td8uwcas', '9miesbf1', 'w7wdq05u', 'fk62t9ym']
969	['lehzj4d8', 'jowowl0v', 'j8dtmy7k', 'io6f6z3l', 'ii2fmi39']
970	['4gr6i8rf', 'ej9qbrt8', 'aky3bja0', 'u6a65x9h', 'eg5snpzs']
971	['emg87q94', '08u566ia', 'ihgxtu8g', 'qgzc1moh', 'psk1lnff']
972	['2scp98u0', 'h9nzxlaf', '7dfcs8hr', 'f72i7wxu', 'cpp2l8n5']
973	['3l6ipiwk', 'fiicxnty', '1igydu3y', 'ybwwmyqy', 'f5g3mcee']
974	['rzahax88', 'h82s5xst', 'zbr3kfv2', 'f5g3mcee', 'n3upa0xn']
975	['0gn3b98n', '7b7on38r', 's2e56ety', 'oh23px9c', 'wun5rwsk']
976	['emg87q94', '0ho4f5wg', 'ovel2jln', 'gz84xy6q', 'pmcjm9hs']
977	['i6mdlf36', '7qz1o6aa', 'wz6446aw', 'mg9kypvn', 'dptapovm']
978	['8o2xddof', 'fub50lvt', 'xnrb0byz', 'belhjr5e', 'rh2jrojk']
979	['b5eve7re', 'sgo76prc', 'fypodr9a', '35nshnn2', 'ofgv3p8y']
980	['otp1atui', 'bjycvoxw', 'l9b3sr4r', '1vj9p7vm', 'p1w0p6b3']
981	['eyhtf6mv', 'n5ogyxz7', '1vj9p7vm', 'zu5mg2im', 'yr27lnq8']
982	['pf2wsny3', 'eknixot2', 'w3d33mq0', 'lt1pstm2', 'dlwfu274']
983	['3h80bn0k', 'ovel2jln', 'ykt09wpj', 'slzh6uay', 'vkr0766i']
984	['c2a07zg0', '5zhjn3u2', '4iuxm6z2', 'ion9fkpg', 'sgokzw5i']
985	['ohyvuybc', '24t0lunz', 'i5h0gm3u', 'c2manjgx', 'gk3wr6s1']
986	['emg87q94', 'qgzc1moh', 'y6reys3r', 'wcyqks52', 'b7w2n36j']
987	['ueh60bz2', 'zonv6csa', 'fdsaajpy', '8of3u2sc', 'c84lpxrn']
988	['0illlel7', '5tpkcd5z', '8hlhp8i7', 'tat66vxm', '8rvhqd9b']
989	['9195zweg', '9k6uqs2q', 'n1q1wr9s', 'hxh085w7', '47f44plr']
990	['8acldtv2', 'y7s6qt6j', 'ykxr9q1j', 'jgq968f6', 'noale9n1']
991	['lwpvyy49', 'i5h0gm3u', 'rwevmwcr', 'vpoqfm7d', 'mzekhyu0']
992	['jcq5omdq', 'ckx6wxxk', '5hhbdzam', 'b03s7wsw', 'pvrp8u8n']
993	['3p2cuxk0', 'y6jw3gws', '0illlel7', 'kxdfnykd', '5nncqp3z']
994	['hl956i02', 'gg5c8v7d', 'xhkjbeam', 'ylqpkosd', 'vkr0766i']
995	['k30wvnx8', 'extp8epx', 'qgzc1moh', 'plzklj7c', '65fwicjz']
996	['8drlvdkp', 'wt6azxc1', 'dyxfsojh', '2tax8ajw', 'bqdvx458']
997	['kgggepu0', 'pfh6nm9r', 'mi6bdisx', 'cabmmgg6', 'wzqjaaz9']
998	['jisznsr3', 'zu5mg2im', 'sm0112e3', 'wmpjfc02', 're8fstqw']
999	['tloczjn5', '033phqmd', 'su028g3j', 'hhg2nyoz', '3kde69wy']
1000	['jxsldz4o', '55vu6b3u', 'yu7h0es1', 'qxjwsp8u', '82y56t7d']
1001	['j8666ial', 'xezpzl91', '630w2rtn', 'v0frkv96', 'efxn3pr6']
1002	['ruewzstg', '844229sb', '6akx6xpt', 'dhd9e9bn', '2s1io2fg']
1003	['55yxh5er', '8p81kc9z', 'yj25zkx6', 'p2cbfzmp', 'tx8ypqsm']
1004	['74o2xil2', 'fx2oly7c', 'jtn3y35w', '4b6jrycu', 'pxnyi2u1']
1005	['s4cfdgbv', 'ulwirxeu', '9wx4ltyd', '47p4g80o', 'd4p5r746']
1006	['b4mjo92p', 'plzklj7c', 'dobxp4uy', 'xzuynia2', 'kt47i60w']
1007	['56uzzrh8', '1z1tces3', 'eo1uz3g2', '1yrhikew', '44m1nfb7']
1008	['65efipbi', 'jjgfgqwg', 'gtp5daep', 'e7uvbra5', 'ds7qon66']
1009	['0r3l3b88', 'pq571myy', '7bhue8w5', 'dlwfu274', '6a6tyvtz']
1010	['4pyx0xps', '3eu5n942', 'so6irh9b', 'tk0iwpnb', '25aj8rj5']
1011	['2w80hys9', 'h6imcb1b', 'yt2fp8zl', 'adhj5e5s', 'cv6no7nw']
1012	['p4ejdth1', '3qtxnbb2', 'geo7ac5i', '6j9x3pn5', '4evznllv']
1013	['9dlaaye8', 'h0ex5siq', 'x9veckdi', '3c1fujrd', 'i88ccp9w']
1014	['oud5ioks', 'sy2i7qe0', 'l4u01fzk', 'qv1xfrg6', '91ea40nz']
1015	['9pei109o', '7x9jzge5', 'hc4zu9t5', 'avmfz0z7', 'yy77zuu4']
1016	['db8fl9d2', 'daxv3reg', '79m3sdfe', 'ex6dyr77', 'e4xw6gyp']
1017	['gw9hkw00', 'wzp7hpgc', 'ztxfa5b8', 'ypmeh8y3', 'mqyu72nc']
1018	['25aj8rj5', '4dsq1dds', 'uxz185vr', '9f5szh9i', 'vt4ougwq']
1019	['acyexmyq', 'nvebqwwh', 'u7ao9dwx', 'soybk2i2', 'xd5uhah4']
1020	['6xxm7hcs', 'jnmpyovl', '6wb18u6w', '1cpjqav4', 'dc8z4jzo']
1021	['nxu1xoax', '80xhhcpm', 'd8lx9ffy', 's0ca1r5s', '6gj02k04']
1022	['xp2qkk52', '5y6gjl2t', '7ru6tapp', 'l4o7nicc', 'a66sszp2']
1023	['6pn9jwfn', 'soa71kwx', 'noale9n1', '3kde69wy', 'ch7nna59']
1024	['h6b8xuvs', '55wqowbq', 'cyfdvgvy', 'qbp5nid8', 'lsfnkpcb']
1025	['kq0cu73r', 'z8jbxag1', '09vzcqyr', 'g99myvw1', 'atnxkvy6']
1026	['u89jd28e', 'dlwfu274', '35nshnn2', 'cj82xu0w', 'b5eve7re']
1027	['gtol0evh', 'vrs88dcy', 'tgd6gy3z', 'eq5qqshb', 'iu4p5k0w']
1028	['fj6l76hq', 'e1mnj7bf', 'y43prnko', '4eak8e8l', 'w1bx4a7v']
1029	['rfbihylo', 'fk62t9ym', 'b3m11ppy', 'c1k9ubbk', 'g9pwxfd2']
1030	['5g70w76j', 'ximw03ej', 'x3z7utn4', 's2811lpo', 'umvrwgaw']
1031	['8hz4go45', 'e1macqqm', 'yidait6a', 'otjnwb4s', '6939kke1']
1032	['fx2ikn2t', 'wcyqks52', 'emg87q94', 'qgzc1moh', '2ui7z8wi']
1033	['z13if6qx', 'c00jgkpg', 'vrl9gtcp', 'z4cq9klm', 'j7hih6o9']
1034	['nwb7qf9l', 'na3c21pf', 'k8v832rl', '79m3sdfe', 'snlukr6c']
1035	['d8gx7xbj', '48ay8yl3', '7axo7k51', 'lxqsc60e', '7hvq9qaj']
1036	['vszlmtf4', 'xi17qo6z', 'f5ehif2w', '6aku7ghk', 'j2tyjo1j']
1037	['0loj2fsm', 'qowp861l', 'tna7e9dw', '32z7b3fp', '0xg1ogtc']
1038	['yt2fp8zl', 'q1845sep', 'lm73oj21', '9wnkmn27', '1l4o9pko']
1039	['zpv5f8pr', '3oetrhdh', 'ko8lyoob', 'trpbkat0', 'it0yy25c']
1040	['x4zcpr02', '4py6l839', 'o9mq3auf', '3kjckx8o', 'w1tdg8bb']
1041	['itqi22lv', 'x3z7utn4', 'be4afbyo', 'u6a65x9h', 'faec051u']
1042	['k886vcj1', '06yuz5pn', 'b2fwktld', '3kjckx8o', 'ljpeq5aw']
1043	['w0ebmg16', 'dq3qunwe', 'r1m709hb', '25bdifv6', 'cpbu3fv3']
1044	['azr73w2w', 'emg87q94', '2dixw8up', 'qgzc1moh', '8sb8brew']
1045	['l5ogbl5p', 'sb9ckivs', 'u22z526l', 'n6d6ebhm', 'm5udbs4f']
1046	['fdkt6moe', 'g63ed05i', 'qp3cjql9', '0r3l3b88', 'hnwtz96p']
1047	['emg87q94', 'qgzc1moh', 'v5beddu4', 'wcyqks52', 'mwvcd5eo']
1048	['25aj8rj5', 'l5sn0cx6', '4pyx0xps', '0rrhgz26', 'geo7ac5i']
1049	['w0ebmg16', 'xtraspw2', '9pb2eqoa', 'mnjy6bq2', 'bfcz49t9']
1050	['b2iit1ef', 'mjm2kap6', 'tz48uje3', 'wge6a6sy', 'xyyhup28']
1051	['cjmmwl2q', 'ovpfh7sh', 'ncayc5zj', '1wcfrvnd', 'l346qqwp']
1052	['niw61l9r', 'ho6qjkyr', 'qe8mxow7', 'styavbvi', 'd1pgjtjh']
1053	['7j4i6eud', 'ykxr9q1j', 'wdw0a2kl', 'vmmztj0a', 'dr067qlf']
1054	['9n7a9g78', 'ehqk1d63', 'kkz9sde7', 'f14n0hk6', 'udr22zf7']
1055	['t0s5ufzv', 'cymppa7g', 'yc7cvbii', '0qyhjutm', '1hobsclz']
1056	['rhgl6vss', 'cqv2cv9r', '8ggucrp6', 'z9jqbliw', 'o6dd2vu1']
1057	['emg87q94', '89fglwvk', '7pbrnn2g', 'wcyqks52', 'qgzc1moh']
1058	['r5v2gi3v', '3vx85o8n', 'r7s2ezb4', 'b3doorzq', '4bbapd1t']
1059	['b31ctbat', 'fcb8egak', '38d6gb7o', 'qci7khki', 'taa380l3']
1060	['4pcv1i3i', 'etriddkx', 'qc6untrw', 'fsl4veps', 'gtwg0m54']
1061	['dhd9e9bn', 'iu1d9i57', 'y43prnko', '1vcc1khg', 'lkb09vs8']
1062	['7368psat', '20xgqvxc', 'ydcu8f2k', '479wkesk', 'q7vv128t']
1063	['emg87q94', '9xpbwf9c', 'uitc2tru', 'keaxietu', 'oud5ioks']
1064	['24u6q3ae', '78kbutc3', 'd78zcfls', 'imheos0p', 'jbmzvljk']
1065	['ffy19pp9', '2lanvyia', '5sauy21h', 'es7c7szs', '059oj76m']
1066	['0bczgiyy', '17km3arw', 'ipon95io', 'n9kf6jgk', 'v3lcyzj5']
1067	['gk3wr6s1', 'nmdlet38', 'emg87q94', '34ulkvl4', 'r9datawi']
1068	['xchvlphf', 'cbhlzemx', 'isniqv6b', '0d121e1c', 'fdyfg0kf']
1069	['lhx0it2z', 'rytw6rfd', 'uipe62sc', '9psiqhpy', 'bkm8k9ud']
1070	['9v6f2274', 'xtmn1n0r', 'fep6qm4d', 'knbngla3', 'w2c01295']
1071	['unhrmzn5', '5tpkcd5z', '8ti6r0eh', 'li5cw8xx', 'f6i46t3h']
1072	['o3cr0xvm', '1992wisb', 'gk1avld0', '80cbwj3o', 'w7owso28']
1073	['353wr671', 'ogchq8gz', 'tljydrnu', '17km3arw', '855atuue']
1074	['ur3qbq7t', 'gnhvvpn6', '0r3l3b88', 'zq4ty9rw', '8lqb9le5']
1075	['d19v8qca', 'aclcbxkd', 'g0cgjlok', '5ojyly05', 'ks0zkp57']
1076	['t2gxkxxd', 'hsm75cww', '8rvhqd9b', 'reigmh19', '963hkkiy']
1077	['emg87q94', '2dixw8up', '2ui7z8wi', 'qgzc1moh', '3kde69wy']
1078	['abjt5vfd', 'q2i328sz', 'rwbciyze', '0loj2fsm', 'uw0rrel5']
1079	['snlukr6c', '7xb7hj9u', 'ko42qlzr', '6lsl7ahj', 'daxv3reg']
1080	['10l6kx3e', 'ho6qjkyr', 'r7kvv48s', 'q5veu992', '3dconbli']
1081	['tve01g7i', 'z18owc90', 'rqnvo9t2', 'rob84q03', 'tqpvjhb6']
1082	['w9zyshzb', 'kmwfce00', 'car394ou', 'cpc1yefj', 'j95sfxn1']
1083	['igm2qr4p', 'w1tdg8bb', 'nq79qw82', '3jv5djco', 'o4ruio2m']
1084	['1k0xqhda', 'yc7cvbii', 'iz5uzizo', 'vg7dvptg', 'f3j0g82b']
1085	['xi90m4jk', 'qgzc1moh', 'a7frertc', 'j3vpbk4q', '0gn3b98n']
1086	['me08w1ir', '5lqjmqu5', 'td8uwcas', '82hqy612', 'qh6fqna8']
1087	['dptapovm', 'wkl3jyzn', '7obhnmah', 'ot1uz6vc', 'mo3y3mau']
1088	['zbr3kfv2', 'u6a65x9h', 'y9fqa20z', 'vxmamhkx', 'jtjurjpc']
1089	['vbayngh0', 'rv26qfmf', 'su41e4vo', 'l19nsvun', 'mpthhazv']
1090	['zcvumy78', '7fe2vdm7', '5s1zz2lm', 'ncau27zc', 'z7r4n0w7']
1091	['xof56j98', 'wffv669t', 'r8vxz5vu', 'wabd3b9z', 't97pdl4u']
1092	['121p2shq', '445cz8gu', 'l2ak5ygj', 'wt6azxc1', 'x73moqog']
1093	['o6dd2vu1', 'extp8epx', '5h54azyy', 's842zn9l', 'bs8tdve2']
1094	['t2gbeb3c', 'omk29wlq', 'dhdg6n05', 'f5ehif2w', '4zxfghz3']
1095	['2qwk2z22', '195h4ofw', 'xshqu7qm', '0oxo2awm', '2hbcbvt6']
1096	['mxg2q1vd', 'lny446a3', 'ot1uz6vc', 'qaid1rop', 'f5d8fazm']
1097	['zvmwubuk', 'h2sza0if', 'xtmn1n0r', 'ib17jyva', 'ipsjsf0y']
1098	['oijl3pjt', 'mkl7rvr6', 'f4jx3b2q', 'wn98fql3', 'uhs1nz2s']
1099	['aqke0012', '0vy5yifk', 'wcmxmahq', '1f6kq8co', '08p8ns2d']
1100	['8co5gwkz', 'vdfnrh9k', 'osct0lj6', 'w0j0n8mn', 'nh4dw75x']
1101	['8jbisapd', 'r9yzx0pk', 'bh8zshy9', 'itx70h27', '8l5i1z27']
1102	['4frv2vb7', 'umvrwgaw', 'wq92nfnd', 'w2c01295', 'w1bx4a7v']
1103	['km2uxj9p', 'sikgdopk', 'x7ybnese', 'nmdlet38', 'o7ww2prj']
1104	['sgo76prc', 'la2wvnb0', 'b5eve7re', '55gugbs8', 'np1y2fkt']
1105	['7mcfehzc', '2q6qmex3', 'ec6ov0jw', 'b3ui95vx', 'vrjibtfi']
1106	['30pl5tx3', 'a0q61mpi', '4r96f92d', 'q7pieq3w', '2bpyvgv7']
1107	['o7ww2prj', '6lsl7ahj', 'adh6j7m1', 'h2vct9h5', 'uzc6r1jr']
1108	['td8uwcas', 'me08w1ir', 'lfqi7jsa', 'b5eve7re', 'q473xazz']
1109	['emg87q94', 'qgzc1moh', 'qq46f7fu', 'eagkc9ty', 'gk3wr6s1']
1110	['2sp8nm0i', 'emg87q94', 'jgq968f6', '6mpxu6r0', 'ncbjncfx']
1111	['9hpkmjvu', '0clp6zt6', '763v4duh', 'uyb0of5p', 'f4jx3b2q']
1112	['gk3wr6s1', '36flecmg', 'jpenhh92', 's3mczqvx', '0ojzssli']
1113	['2qksxqmb', 'nji5ek3q', 'jnmpyovl', 'dksw5yzp', 'p5nte83n']
1114	['mxg2q1vd', '02p4et0u', 'u2kjft6q', 'ko42qlzr', 'kff7ho04']
1115	['j8d47de9', '2iupb6gj', '1y79i676', 'imte5ong', 'kbaqqxxr']
1116	['lclxe7i9', '9jsx2z6e', '5ojyly05', 'bns5eb1t', '12yshnt5']
1117	['l2ak5ygj', 'geo7ac5i', 'reigmh19', 'vpih1wvs', 'v67s4yz9']
1118	['emg87q94', 'wtqwghon', 'rzoatp8v', 'iy8pp5ey', 'ktjfs3s7']
1119	['p3dex2to', 'zvngy7zz', 'b9evh1l2', 'zj3oixvk', 'ljpeq5aw']
1120	['ny7wkswf', '65fwicjz', 'emg87q94', 'uxz185vr', 'extp8epx']
1121	['vxmamhkx', 'x3z7utn4', 'itqi22lv', 'yr69ctrj', 'zuc538yd']
1122	['pbb9nrba', 'adusu6pm', '3et2u6sq', 'x8erq4pc', 'ldmjcf2n']
1123	['kk47kxwf', '55vu6b3u', '08bw0h8m', '1l4o9pko', 'hn21zwy1']
1124	['emg87q94', 'qgzc1moh', '8g70j0qw', 'ovd98r01', 'eagkc9ty']
1125	['k36rymkv', '913sln1q', '3jolt83r', 'bsf7arhl', 'gsplo37j']
1126	['t2gxkxxd', 'hsm75cww', '5xk20hs5', '660gckc7', 'ky5env7t']
1127	['spicb5h2', '8xgp6nhy', 'c187k4yc', 'vd1lldjj', 'h365e9gx']
1128	['uexahhdr', '5dbuxvc4', 'cpc1yefj', 'kmwfce00', 'car394ou']
1129	['emg87q94', 'jjsr5u2i', 'b2fwktld', 'qgzc1moh', '2dixw8up']
1130	['k0eheo71', 'phpijxb9', 'yaad1ve4', 'fhxtxzdz', 'e4y6l4lx']
1131	['ccat4lyb', '3h80bn0k', 'iu1d9i57', 'ntxr1ivx', 'qi1henyy']
1132	['52x62y5l', 'dq3qunwe', 'hiw576og', 'ue58uvot', 'emg87q94']
1133	['bw6a5gmy', 'dr067qlf', '24u6q3ae', 'z4cq9klm', 's86zb5up']
1134	['5azti19e', 'gk3wr6s1', 'b4tqd8wx', 'idhbd102', 'oud5ioks']
1135	['0pptqw7o', 'so6irh9b', 'kff7ho04', 'qa1tbu6t', 'e0pz0z4j']
1136	['bgiyvqgw', '8pislcjr', 'mg7dfs1r', 'l4u01fzk', 'kczhrxxd']
1137	['emg87q94', '25jq098w', '8xpenaxt', 'qgzc1moh', 'ib17jyva']
1138	['7ld7hyaw', 'gme1zk3n', 'jnmpyovl', '0l5li1f0', 'kmwfce00']
1139	['cf3l8uzq', '998jcj18', 'lorpo8uk', 'dyxyab5g', 'n119a7fx']
1140	['ike8mgh6', 'vx1hjh26', 'pg0l92zb', 'dgcawqyk', 'f4hj35dr']
1141	['k7vjqzx1', 'ys7vovie', 'gp3ib74q', 'o7ww2prj', 'bs5hcx6l']
1142	['hjuftxwg', 'z1uz0awb', 'ldyumgm9', 'y2739974', 'itwp8mlj']
1143	['n6ro088v', '92ezdiap', 'eza5qh47', 'ndhhy1xt', 'dt8h6a0v']
1144	['gsgbhqwl', 'snlukr6c', 'cddya0r7', 'lbyvgqp2', 'zzscey1f']
1145	['tn8houmc', 'wubcq0xx', 't4y1ylb3', 'z77wg8j9', '6g7eeyjd']
1146	['y9fqa20z', 'prqrsb3c', 'n1ysi7qc', 'f96qs295', '4jjuwc9r']
1147	['emg87q94', 'a0q61mpi', 'wcyqks52', 'fdyfg0kf', '2ui7z8wi']
1148	['zq6oe8w0', '99rg8bok', 'ex6ktyl6', 'xvctmmzt', '6hhauza0']
1149	['yy7bcfzz', 'bttme4wn', 'auvehdq5', 'ja3v0wua', 'e4y6l4lx']
1150	['v6w9mlsa', 'extp8epx', 'o7ww2prj', '65fwicjz', 'jzu70l93']
1151	['nz976qc6', 'lm73oj21', '250glj07', '9wnkmn27', 'rh2jrojk']
1152	['iylmvmv3', '1vcc1khg', 'y43prnko', '7zdi0y2s', '7zngkwoh']
1153	['25aj8rj5', '4pyx0xps', '9bzbab1s', '5g4smxpv', 'my02g4vc']
1154	['vrs88dcy', 'emg87q94', 'of9wlhga', '2ytec133', '32v44sw9']
1155	['9gn4jcu9', '2ui7z8wi', 'a0q61mpi', '8iqs6jko', 'iu4p5k0w']
1156	['ybcr7clp', '721ofhsv', '18swtk61', 'zcwh1892', 'ag5coipu']
1157	['wr6qa1vr', 'l73htuz1', 'ngbnnpni', 'awx9lcfk', 'g9ao6ruo']
1158	['emg87q94', 'wcyqks52', 'qgzc1moh', '2dixw8up', 'd8xgzvda']
1159	['fnim10e5', 'hb2lieh3', 'mpeugvt9', 'a3i3t6od', 'h8ykn6ut']
1160	['5t16srpn', 'hfk8nikl', 'dblqryhy', 'c80hle1p', '0z7ey1nm']
1161	['5g70w76j', 'dt2pew66', 'vkr0766i', 'l5sn0cx6', '31idktk7']
1162	['3bo4md44', 'qt3kk30m', 'c0ipfbeg', '6hl55c60', 'bkbjlos2']
1163	['w0ebmg16', 'x51jorbm', '1l3b0hqj', 'zwil22bs', '2bm389su']
1164	['8vk15klh', 'qexarxjl', 'hunepli1', 'oe7fzahb', 'zbr3kfv2']
1165	['oud5ioks', 'd8lmft7i', 'y6reys3r', 'extp8epx', 'te0v91nr']
1166	['nrhk8ctf', '9y9lkt4x', 'vo6jdb65', 'ebgu29uh', 'hp62t734']
1167	['rcaxap24', '0u330d2u', 'k2f667sc', 'dx9hez38', '2iupb6gj']
1168	['b4yj7vw0', '8r8586br', '32v44sw9', 'sy2i7qe0', 'mja2qlpk']
1169	['emg87q94', 'xchvlphf', 'vrs88dcy', 'rk9hsw2b', '0d121e1c']
1170	['h0spcvjl', '7vsv726x', 'g5hg39da', 'z9csj1bh', '78qyuk5x']
1171	['emg87q94', 'qgzc1moh', 'd8xgzvda', 'eagkc9ty', 'r4j1rcm5']
1172	['8ncc6d2n', 'wnpmwne1', 'u6a65x9h', '2ytec133', '7i5awez3']
1173	['8pislcjr', 'd1pgjtjh', 'o6zww1rr', 'asrkuts7', 'c2mpraux']
1174	['wn98fql3', 'f74g59b0', 'iu1d9i57', 'ktjhr028', '607lsqlg']
1175	['w1azm2mc', 'hzvqg674', 'rnq3k34m', 'n51qbkas', 'xe29akkm']
1176	['emg87q94', 'wcyqks52', 'dlwfu274', '3tlv2b5x', 'qgzc1moh']
1177	['jfuwelzt', 'g2j4uqem', 'ipsjsf0y', 'rwh56zhg', 'md0drb25']
1178	['vrs88dcy', 'emg87q94', 'umrk96gz', 'ebvarrr7', 'pmcjm9hs']
1179	['0ojzssli', '6buxpp8x', 'e2rtzymt', 'h2shhuee', '2igc5wzx']
1180	['gtwg0m54', 'l3bruaeh', 'ua10zb5y', 'bk3ss63e', 'd6ow67k9']
1181	['y4m987yn', '2dixw8up', 'hqod7v2l', 'lrqt2gcw', '1gv3t5t0']
1182	['hg1q14gw', 'qun2lfcv', 'w1azm2mc', '3wg6flz0', 'jki3gdxl']
1183	['bns5eb1t', 'sxl49cs3', 'w4m9agd0', 'ypqusgs3', 'g0cgjlok']
1184	['jtgpzrf9', 'u0jddsup', 'oud5ioks', '3t7zln1o', 'gh6bizzh']
1185	['660gckc7', 'di4p48ax', 'jnmpyovl', 'apfimvix', 'fu685z9a']
1186	['qexarxjl', '9sv03cqa', 'm1sf159a', '6rpm4phy', 's9lkvzpo']
1187	['a0q61mpi', '8rgpr2lo', 'wrsk5vh9', 'h7ftu3ax', 'dhd9e9bn']
1188	['c4m63cr3', 'a3fvifax', 'whkfvd7l', 'mdy40mhu', '9da5mp1b']
1189	['pdiyqdb3', 'fo9uq389', 'ledopkwj', 'u7ao9dwx', 'zd8c1no7']
1190	['f0judfwn', 'xvctmmzt', 'r7s2ezb4', 'gtwg0m54', 'iu5ndsxn']
1191	['1s8jzzwg', 'mja2qlpk', 'gtwg0m54', 'vrs88dcy', 'u8mu4yga']
1192	['8g70j0qw', 'dnm7s947', '227l4bzl', 'fe14iohb', 'cxqzo58q']
1193	['6xxm7hcs', 'irx4pcsx', 'xthxesgk', 'plzklj7c', 'qq46f7fu']
1194	['f0judfwn', '9gn4jcu9', 'daxv3reg', 'iu4p5k0w', 'lh18omnj']
1195	['25aj8rj5', '4pyx0xps', '5vp2r2bd', 'a0q61mpi', 'geo7ac5i']
1196	['36zu137v', 'oud5ioks', '5gldyo2d', 'wffv669t', '9n7a9g78']
1197	['7n6pva1l', 'h6gdck2u', 's6kdchlo', 'kmwfce00', 't84pu00z']
1198	['n4ildbuc', '0u4nmrq4', 'w04z2f0q', 'ps5crd29', 'k4k3kcrh']
1199	['hgpiig0g', '79m3sdfe', 'ccj1dt86', 'b3nv1vl6', 'r5552ql7']
1200	['wslsqytj', 'n3yuvf8v', 'ziaiufzs', '2dixw8up', '3z9ubx09']
1201	['jnmpyovl', 'b9b6ww9q', '0hmwg7io', 'e62t4wrn', '4888p05u']
1202	['ki93iltt', '81c2mn2c', 'zvlt168l', 'xziy99uo', '8brfph9v']
1203	['4sq7t6hg', 'z1onkz6u', 'lzgwxshi', 'w036x5gr', 'dvu4mpl1']
1204	['tij7lakb', 'x9lxyrgw', 'd19v8qca', 'zr4pw0e7', 'uliopaz0']
1205	['jk37ej4c', '8tqm4k6k', '3xw4qjoy', 'qq46f7fu', '4e82s91a']
1206	['3u3i5myh', 'ypqusgs3', '8lnjbxe5', 'a4klrp3h', 'qh6fqna8']
1207	['irhizn0b', 'tn8houmc', 'a7420by2', '8l5i1z27', 'ruewzstg']
1208	['bl96upg3', '1omv4r30', 'v1egyqt4', 't5p6z0wv', 'jdo7afuh']
1209	['0hhdwq68', 'crqqrtj9', 'v5sflan9', '4war4rud', 'qydo3yr9']
1210	['4ag4oune', '8w43qkqu', 'd5sxycaw', '8co5gwkz', '1ul8owic']
1211	['zyrvgaql', '7097q0r1', '9pn62o4p', '2e02uktc', 'r1m709hb']
1212	['emg87q94', 'wcyqks52', 'qgzc1moh', '2dixw8up', '2ui7z8wi']
1213	['hltkddac', 'v2gsp5ui', '2mtuw7gb', 'lcqxrcji', '8rvhqd9b']
1214	['4ylt5rhg', 'vfcp8h1n', 'irhizn0b', '08mfxvql', 'j7ltjn4k']
1215	['4wi9lln9', 'tz8gc3cz', 'ohkweon9', 'rpxw3a01', '1jpwtd4t']
1216	['dq3qunwe', '95e1kuux', 'lvrdgpyr', '2bupc5jh', '1r9975o8']
1217	['29z4q4fs', 'bx7vz0r7', 'su028g3j', 'l5kr2dw8', 'pxx5yyc5']
1218	['emg87q94', 'ea2c1l2q', 'qgzc1moh', '2dixw8up', '2ui7z8wi']
1219	['0n51j2jo', 'r0taoqsw', 'hia647nr', 'y047cuxp', 'lk3wcmm6']
1220	['w4dyadpa', 'j0uojajt', 'v6w9mlsa', '4dsq1dds', 'otawq1c8']
1221	['gjustwrb', 'a4klrp3h', 'ouno4jpl', 'dgizpo1z', 'fbyq0nco']
1222	['1iqfm496', 'w750idb5', '1uabldiq', '1mu1o8rj', 'hapw6lv9']
1223	['1nk1t5qs', 'fsid4a39', '010vptx3', 'cw3epg39', 'pkoux9yt']
1224	['ut1k8xe7', '6kbdxhxv', 'unnrflmr', 'po6cqv4m', 'rgmkszfp']
1225	['cgxs9uam', 'unx1pv2k', '4grqkn3u', '1a7ugd24', '0cam9ipf']
1226	['3jrb0sn8', 'ont0nz76', 'barindjx', 'vc6j8ao2', '5jl2whuu']
1227	['y6zisciu', '6b6v39uy', 'lbyvgqp2', 'yaad1ve4', 'e6kncj4m']
1228	['9wnkmn27', 'dqhdws5k', 'nz976qc6', 'rh2jrojk', '2cwvga0k']
1229	['2qwk2z22', 'u31ixcwa', '40dsvwyb', 'sm0112e3', 'iz74o9de']
1230	['w0ebmg16', 'mnjy6bq2', '9pb2eqoa', 'xtraspw2', 'h7ftu3ax']
1231	['so6irh9b', 'tp7wthiv', 'tk0iwpnb', 'lclxe7i9', 'emg87q94']
1232	['emg87q94', 'qgzc1moh', '2dixw8up', 'wcyqks52', 'eagkc9ty']
1233	['bk3ss63e', 'gtwg0m54', 'u6a65x9h', 'ex6ktyl6', 'b7w2n36j']
1234	['o78vcy90', 'sfm82h0g', '7oipjzq1', 'a7420by2', '8xf8u6bg']
1235	['07scv3kv', '7vsv726x', '20xgqvxc', '1cpjqav4', 'pvrp8u8n']
1236	['7vadpp3d', '1pg77f6t', 'u8ptvem7', 'nbn44sxq', '6mx7lurq']
1237	['vpih1wvs', '5tkxucuw', 'o7ww2prj', '8sb8brew', 'l2ak5ygj']
1238	['p7cbnrji', 'pxpo8jni', 'n2rec4i8', 'xcs9podj', '4ercv3oy']
1239	['fteydbm8', 'dlwwcryb', 'y442ugst', 'd6ow67k9', 'y3a4czk7']
1240	['4ip0yl0n', '2l83gyx5', 'xzuynia2', 'aq8ckfv7', 'umyojne2']
1241	['5dbuxvc4', 'p6uliadr', 'q4m2uj6r', 'cpc1yefj', 'uexahhdr']
1242	['u89jd28e', '6a6tyvtz', 'dlwfu274', 'w3d33mq0', '4vtad2ve']
1243	['q8aee7g0', '79xnx9gr', 'd44561hh', '3mfwweyr', 'xzmzdq52']
1244	['mo3y3mau', 'lxdcelk1', 'xokujzbl', '53t1mhnb', 'u3832seg']
1245	['597wavq2', 'hfk8nikl', 'd8vo0ncl', '0u4nmrq4', 'b68c8qwm']
1246	['fdkt6moe', 't93vc14m', 'ppuki7qn', 'o78vcy90', 'ngywgodg']
1247	['wigakw9h', '11d18w9y', 'tadojzoj', 'gvtp8s8b', '8dbjycgt']
1248	['jz6o9gnb', '9wnkmn27', 'belhjr5e', '4pyx0xps', 's0ca1r5s']
1249	['emg87q94', 'qgzc1moh', 'eagkc9ty', 'd8xgzvda', '2ui7z8wi']
1250	['ximw03ej', 'dt2pew66', 'q4aqkr0w', 'hqapg5ow', '2bpyvgv7']
1251	['xli7wyg4', '2hfkrl8m', 'msut5gyc', '7omyaap8', '8r6hln9b']
1252	['emg87q94', 'wcyqks52', 'qgzc1moh', '2ui7z8wi', '2dixw8up']
1253	['c3v7rf1m', '1s8jzzwg', 'h2shhuee', 'vrs88dcy', 'qc6untrw']
1254	['7lli72ph', '58mdhe5v', 'fx2ikn2t', 'bran54ku', 'f8ah4lzx']
1255	['tmgmqtjq', 'ipon95io', 'on6ss822', '9wvlt53w', 'qhbuvt1l']
1256	['9wnkmn27', 'onlly1ga', 'mpkli2xf', '1l4o9pko', 'lm73oj21']
1257	['13kzv4b2', '9jfclm9c', '1ke7wisc', 'wu2dyleo', 'ezrarusj']
1258	['s7wykoze', 'iy1enazk', '6ulvk9hv', '6fmc5mbs', '9jfclm9c']
1259	['gdbr8zwr', 'geo7ac5i', '6gm8kaqi', 'ywi0a8s1', '8pemlz7a']
1260	['6hehg1yf', '8w2t6u96', 'msb6wgnv', 'b0dzhsrh', '9sv03cqa']
1261	['wr6qa1vr', 'bu59aji5', 'dblqryhy', 'xe8t3uqp', 'xneu8glk']
1262	['nom4z0tv', 'pggf4wyo', 'uuvtlycz', '3mk8dwf9', 'vge26qe9']
1263	['ktm0akxd', 'dblqryhy', '7objlrqa', 'tpovr13h', 'vqg3yx5m']
1264	['yfpioqi5', '0bjl60gl', 'b0qj7tck', 'xgfk6txz', '033phqmd']
1265	['v14gqr6q', 'qc6untrw', 'ovel2jln', 'ebvarrr7', '3jnhboif']
1266	['zuz2992q', 'gg2swy7i', 'tbojvfq6', 'ne816kr4', '1zd3hjpo']
1267	['7t7ho26v', 'psaq958v', 'pxo5uh4w', 'ppuki7qn', 'vp2t4xkn']
1268	['yosjlefy', 'pjllicm7', '14tv9r5q', 'vh3qs9xv', 'r0nmq9ne']
1269	['7xb7hj9u', 'eu2vjpw9', 'ueb7mjnv', 'iff8cuum', 'ntxr1ivx']
1270	['sgo76prc', 'gvtp8s8b', 'vrs88dcy', 'c3v7rf1m', 'ua10zb5y']
1271	['0njeeoc3', 's82tyeis', 'i6zofi4g', 'cfi5zhgu', 'gqifyp7g']
1272	['7vsv726x', 'to2wxs8m', '3o91v72a', 'tah4bpj1', '20xgqvxc']
1273	['qcssljgq', 'jyxrk9bz', 's86zb5up', 'rcp6xlpg', 'h1ncnt2c']
1274	['wa5rxe76', 'd81rq6b9', 'hp62t734', '43eh69dx', 'uv5jctnd']
1275	['emg87q94', 'ylqpkosd', 'jgq968f6', 'w1bx4a7v', '2dixw8up']
1276	['q8l3ra55', 'raw2mt47', 't1vom8f3', '36flecmg', '1vj9p7vm']
1277	['jurqttdg', '4xs9avr0', 'vsphu6ih', 'ppuki7qn', 'eo89w6qp']
1278	['5h54azyy', 'akn5hk7p', 'msb6wgnv', 'ptnjbhtw', 'slzh6uay']
1279	['mi6bdisx', 'ao9bmat5', 'k30wx94s', 'gha1wg4w', '1rxw5xro']
1280	['pgasbdpp', '5aia1f36', 'ogrlupbx', '4z8i83p4', 'qj1v04cf']
1281	['uk6whrhz', 'mtq19xku', '296lr317', 'x6sdpk6v', 'kxdfnykd']
1282	['u42d1p1j', '8hvve871', 'h4otzeah', 'n24k9s1s', 'be8eu3qi']
1283	['zqekxlz9', 'lm73oj21', 'zsra2yz3', '6oicmeam', 'dcli6uaq']
1284	['qjfe2t9v', 'hltkddac', 'kp4j9snc', 'lcqxrcji', 'xk2inqjm']
1285	['1blzi9r3', 'fedv6m9o', 'ach2lhhe', '4pyx0xps', 'n4ildbuc']
1286	['wdw0a2kl', 'vstwckpw', 'wtxhbzr9', 'thcl0eza', 'y4cqgbm2']
1287	['cg6v3yma', 'hgpiig0g', '3cnmj21f', 'xi2whtvr', 'lr5lumdr']
1288	['kjr6dcqv', 'fdn6h4gi', 'pva0xii7', 'gc9eg5j3', 'd19v8qca']
1289	['vpih1wvs', '8dgahmka', 'uto9q6s2', '660gckc7', 'hgvqjtfa']
1290	['emg87q94', '2dixw8up', 'pa000mr8', 'kzl1dx8i', 'jnmpyovl']
1291	['gkf3wez8', '5sfojk7y', '10dkpj5h', 'yhyeywvc', '3xvphg52']
1292	['k7b8wj56', 'k6cumncp', '72jwlfqr', 'jfeamjqu', '2tax8ajw']
1293	['geo7ac5i', '99cgvtlu', 'vc6j8ao2', 'wxxi37v9', 'kk47kxwf']
1294	['atji1xge', 'gw9hkw00', 'f8yphpxl', '5jl2whuu', '8dc7andx']
1295	['vrjibtfi', 'l16a5nq7', 'msra1ghp', '9ige2pwd', 'yc7cvbii']
1296	['gqwwfpch', 'vdgu6h0a', 'ai60maqz', 'vvmb92wo', 'ykxr9q1j']
1297	['5m23wtpi', 'r0taoqsw', 'jmhexmet', '213bme3q', 'vrixi8sq']
1298	['k7vjqzx1', 'u3832seg', '630w2rtn', 'mo3y3mau', '55gugbs8']
1299	['hkk23tqt', 'z92xqedn', 'y9fqa20z', '9z1caxee', 'prqrsb3c']
1300	['dlwfu274', 'mmr04tsm', 'i3ahtzdd', 'pfh6nm9r', 'q58dzxwc']
1301	['2gjo4oqn', 'mnjy6bq2', 'w3ls1d7w', 'h2sza0if', 'eyxag4xd']
1302	['me08w1ir', 'td8uwcas', 'lfqi7jsa', 'c4ihkcyr', '9h4zzo5q']
1303	['4c7ug40v', 'e1rl383p', '8g8yc0tu', '1k0qpuys', 'mo23hpe1']
1304	['h5fvf5ja', 'nxh1su1i', '5o0ihd3f', '0iy8clcm', 'qd73h1ie']
1305	['g4nto9kf', 'oqz6i77n', '71ixs3y4', 'xi90m4jk', 'cdsj5ba9']
1306	['knbngla3', 'usyduiti', 'w2c01295', 'xtmn1n0r', 'vvmb92wo']
1307	['z68tl88x', 'juofmvz2', 'emg87q94', 'd8lx9ffy', 'd0s3vl2w']
1308	['ixvtt3g8', 'qjin5w03', 't3b2adct', 'bdvnwrd4', 'j58f1lwa']
1309	['emg87q94', 'qgzc1moh', 'fiiyythk', 'wfa5fb3r', 'rdmmnnjd']
1310	['784gmskn', 'emg87q94', '2ui7z8wi', 'qgzc1moh', 'eagkc9ty']
1311	['qq46f7fu', 'p9c3g251', '2dixw8up', 'h2shhuee', 'bpnqz1cn']
1312	['jisznsr3', '195h4ofw', '0oxo2awm', 'zu5mg2im', '8zm7n7j9']
1313	['asi26od1', 'snlukr6c', 'msut5gyc', 'emg87q94', '4bbapd1t']
1314	['5q49qq42', 'mo4luyx6', 'lme6vcqs', 's2hp3sat', 'uqfwx4nk']
1315	['cnz7jlw4', 'mz1bof2x', 'f0kcf2y0', '70inem5k', 'yjbmi8ur']
1316	['emg87q94', 'qgzc1moh', '2dixw8up', 'd8xgzvda', 'dhd9e9bn']
1317	['v5beddu4', '9ixpj162', 'xzuynia2', 'g15tvzn4', 'ex3s7ytv']
1318	['l97yi8l9', '1l4o9pko', '186wyg7t', 'fub50lvt', '2l883zhe']
1319	['w1bx4a7v', 'awx9lcfk', 'lr20prun', 't0iw2vod', 'wq92nfnd']
1320	['pb25lrnw', '6crputzl', '86qczmbt', 'z9jqbliw', 'nuu9l5kx']
1321	['emg87q94', 'lh82rl24', 'ea8yn819', '1nsrgv8v', 'kb3xi0fk']
1322	['ikjfv4oh', '1vcc1khg', 'd0r09lj8', 'q4gattkk', 'sg1e404x']
1323	['307rt03e', '9rxv6fy9', 'x7ffgtrd', 'fyzmun11', 'u3ihnglr']
1324	['z795y51f', '0t5n87u6', 'w5rk8luy', '6bgquqa1', 'p3yxqgpp']
1325	['x14iywtr', 'afytjnny', 'ywvk6gu6', '9wvlt53w', 'byrpj1g2']
1326	['tweqie5k', 'emg87q94', 'pfc31r4o', 'q6j7vy8u', 'zv351n3d']
1327	['e0pz0z4j', 'jpenhh92', '0lk8eujq', 'dgnddq80', 'zqekxlz9']
1328	['emg87q94', 'wcyqks52', 'qgzc1moh', 'd8xgzvda', '2ui7z8wi']
1329	['xi17qo6z', 'zj3oixvk', 't22hwoeb', 'mja2qlpk', 'tr2139vg']
1330	['lty6oq3d', '0oq0xmzr', 'zbi0llig', 'z9jqbliw', 'bv7hvc1e']
1331	['emg87q94', '2ui7z8wi', 'qgzc1moh', 'kl2w6yiv', 'qq46f7fu']
1332	['mkgszhkk', 'ra2njvcz', 'gtwg0m54', '43alju3x', '30pl5tx3']
1333	['sm0112e3', 'jisznsr3', 'fcjpfx3v', '4dsq1dds', '36flecmg']
1334	['egzlstrz', 'z6gyw3um', 'jc5ik84m', 'wq92nfnd', 'il5307pl']
1335	['qlng0zvn', 'wc6e0pxf', 'afytjnny', '0val27ca', 'c4g3vlrs']
1336	['6x8xp62f', 'cvouxqxy', 'sjqt01gr', 'jfuwelzt', 'wabd3b9z']
1337	['rp9opdmd', 'b7w2n36j', '75m13rha', 'ebvarrr7', 'gcv4lmsr']
1338	['0njeeoc3', 'eecwjrdc', 'eko3rry2', '8r6hln9b', 'h7zamgdf']
1339	['lvydhfej', 'aq2iz9tq', 'gbpfypmn', '95zrth5d', 'ivue7zob']
1340	['mdewdbqs', 'ktjhr028', 'dztaijzu', 'xtmn1n0r', '1s8jzzwg']
1341	['wq0mebm4', '43joavrl', '6gj02k04', 'ka2kyqmk', 'spohl5ey']
1342	['ocxl6cf4', 'l57v4wnr', '2dixw8up', '9ok153yl', 'rhnr430g']
1343	['emg87q94', 'qgzc1moh', 'wcyqks52', '2ui7z8wi', '2dixw8up']
1344	['emg87q94', 'qgzc1moh', 'wcyqks52', '2dixw8up', '2ui7z8wi']
1345	['zecuhkcd', 'ucmzbezx', '0qu9kwm1', 'wtenvb27', '9ljou3ag']
1346	['hfk8nikl', 'dcli6uaq', '0u4nmrq4', 'x220pjeg', '597wavq2']
1347	['snlukr6c', '8xpenaxt', '55gugbs8', 'zjur5j95', '20xgqvxc']
1348	['7momt81r', 'hgpiig0g', 'ovd98r01', '30pl5tx3', 'jnmpyovl']
1349	['bwmpamea', '9jqafpkp', '8m59whf9', 'dczcruim', '0rrhiw9m']
1350	['whloioyi', 'rybjc58j', '68o7g6k7', '1yrhikew', 'hruge79z']
1351	['mkgszhkk', 'pebu7w9m', 'zmkvs7e7', 'm4fcw7lk', '5nt99kyu']
1352	['htitgh0v', 'd5w0ecuy', '52qpcg63', '2w68g7cv', 'aqcllik0']
1353	['4d6az41t', 'emg87q94', 'qq46f7fu', 'b9nqcbf7', 's8nx7wim']
1354	['s7sq53zy', 'fub50lvt', 's0ca1r5s', 'sywxrxmf', 'rh2jrojk']
1355	['ax3e82js', 's0ca1r5s', 'fub50lvt', 'mo23hpe1', '4gof1yl8']
1356	['emg87q94', 'gtwg0m54', 'c4ortmv0', 'yt7xnkaf', 'ebvarrr7']
1357	['aawjla6h', 'w1bx4a7v', '1y1ik2u9', 'jgq968f6', '3fiqpart']
1358	['c2a07zg0', 'ordof7g5', 'vkr0766i', 'pppb83nc', 'w2c01295']
1359	['toixg0hy', 'q1nye2ih', '6lsl7ahj', '2fokjcjr', 'p7rpfsph']
1360	['mo4luyx6', 'dlpgq0rm', '5ah2yf59', 'fdkwklzj', 'k450igys']
1361	['xhkjbeam', 'bx7vz0r7', 'l5kr2dw8', 'n2ozusvz', 'ptnjbhtw']
1362	['8hchfgx6', '9gn4jcu9', 'iha9gjt4', '1fr7j93h', '52cub1om']
1363	['c00jgkpg', 'ooagjxp1', '89r29l8g', '2q6qmex3', 'bnkggl84']
1364	['gtp5daep', 'ihlkhh2d', '20xgqvxc', 'sqxdwu6j', 'auvehdq5']
1365	['5bl4h80v', 'zna49ifn', 'io9ggpf6', 'xcduaqje', 'ud8cz3sp']
1366	['8ihlm3fw', '58r5wcwd', 'r0nmq9ne', 'e7gq365q', 'yosjlefy']
1367	['emg87q94', 'uohbxoeb', '6a1fl65b', 'wfpojxof', 'qvf7wcow']
1368	['emg87q94', 'qgzc1moh', '2ui7z8wi', '2dixw8up', 'qq46f7fu']
1369	['4ifkjkdg', 'ghabnnv0', 'pxx5yyc5', '0ho4f5wg', 'x6cozo6b']
1370	['3tfof5nd', 'qdmkx03t', 'ksvw62gl', 'wgfdd3lm', 'xi90m4jk']
1371	['hm332jqo', 'tu1vevx9', 'od0y5ruh', 'f1utp08a', '1yvsae2q']
1372	['ovd98r01', '73b58lcm', 'rwi2rlwt', 'ghabnnv0', 'f6vau5s6']
1373	['9n7a9g78', 'gtwg0m54', 'r7aqsyfl', 'gvtp8s8b', '5ojyly05']
1374	['zue5hnal', 'yyfsnthj', 'bx7vz0r7', '4r96f92d', '7zngkwoh']
1375	['oa81rhdb', '7t7ho26v', 'sg1e404x', '2hzq5o0v', '0tfunzw8']
1376	['emg87q94', 'qgzc1moh', 'uw0rrel5', '2ui7z8wi', '2dixw8up']
1377	['dhd9e9bn', '34ulkvl4', '1vcc1khg', 'unl3n0tn', 'astxi4el']
1378	['gk3wr6s1', 'pc2cnhjd', '34ulkvl4', '0l5li1f0', 'r9datawi']
1379	['y1ob8tcq', '7aaiyppx', 'maxbdi99', '8wqii0nd', 'qc6untrw']
1380	['7th3d6wk', 'ccjzc1x0', 'sywxrxmf', '5tkxucuw', 'ierqfgo5']
1381	['amxqlx2t', 'c6p7hgh4', '8oi7ptfj', 'd6ow67k9', '9h4zzo5q']
1382	['spiud6ok', 'hqapg5ow', 'lkb09vs8', 'tk0iwpnb', 'fdsaajpy']
1383	['focpnnks', 's7v66pvg', '8j3bb6zx', 'gvn2v6rt', 'l6yr6ang']
1384	['gg5c8v7d', 'n0zppf8v', 'q0tu1pja', 'g2j4uqem', '0cuz6iho']
1385	['0j4z4ez7', 'lur9d6ji', 'wl7odjo2', 'ayd59zpj', 'grm6kfx7']
1386	['250glj07', 's2hp3sat', 'urj0nssb', 'iu1d9i57', 'rzahax88']
1387	['9wnkmn27', 'lvydhfej', 'zqzs6vtf', 'b7w2n36j', '31idktk7']
1388	['icgsbelo', '0hqe4jb5', 'ajqbljai', 'ng193dnk', 'rz9upijf']
1389	['emg87q94', 'xgfk6txz', 'qgzc1moh', 'b0qj7tck', '2ui7z8wi']
1390	['emg87q94', 'wcyqks52', 'qgzc1moh', '2ui7z8wi', '2dixw8up']
1391	['zvmwubuk', 'bf654xie', 'aakzdkcj', '9od5fthg', 'itqi22lv']
1392	['unx1pv2k', 'mfop9fne', 'yr69ctrj', 'x3z7utn4', 'itqi22lv']
1393	['urazxa6x', '7qxs79qy', 'r69ivrej', 'no7n99cg', '3iz0ozpx']
1394	['emg87q94', 'qgzc1moh', '2ui7z8wi', 'ovd98r01', 'bccrvapy']
1395	['y349r3r6', '9h4zzo5q', 'bh8zshy9', 'pfh6nm9r', '0n07fow0']
1396	['bpnqz1cn', 'vwgvlqml', 'dpt7sh4h', 'o68mentl', 'bidvx8hy']
1397	['z6elaxpc', 'ot1uz6vc', 'ukbhlaaa', 'qgwu9fsk', 'so6irh9b']
1398	['awx9lcfk', 'hgpiig0g', 'd6ow67k9', 'gtp5daep', '1cpjqav4']
1399	['rb20ge7e', 'fnguelau', 'x73moqog', 't3dzso36', '7xnga86x']
1400	['vbhijlmn', 'tz0pgml3', 'ls4qfvwq', 'gk3wr6s1', '1d49odsq']
1401	['lpoxaetv', 'hert77y1', 'fub50lvt', 's0ca1r5s', 'xnrb0byz']
1402	['9f5szh9i', 'wt471v5k', '1iqfm496', 'tljydrnu', '6frn41zd']
1403	['zpxnr9s9', 'nfem3htm', '0dp28rsd', 'mdx41yqn', '1nmzo9at']
1404	['dksw5yzp', '5ojyly05', 'qlejjw9s', '0zjpvzof', 'g6i3x433']
1405	['u31ixcwa', '2qwk2z22', 'sm0112e3', '8zm7n7j9', '383sp7f5']
1406	['ucmzbezx', 'h2lnqvsv', 'ovel2jln', 'ebvarrr7', 'v6w9mlsa']
1407	['xeb14weg', 'f2ypnls4', 'cjfn4dna', 'lnls2mhg', 'nbqne4wp']
1408	['yeowvvqi', 'kztdc8vv', '6sgeraws', 'x5k4sk9s', 'bdvnwrd4']
1409	['k30wvnx8', 'lgtpeqhw', 'n5qfwl57', '4kfbs7j4', 'n0zppf8v']
1410	['hltkddac', '2mtuw7gb', 'qjfe2t9v', 'x3z7utn4', 'vxmamhkx']
1411	['71x3b75z', 'pa1dt9zt', 'lnls2mhg', '164yx77a', '0u14wypb']
1412	['095g2l66', 'yxkub54e', 'ylojjfri', 'cfkh0ypy', '64sdgroi']
1413	['pzqmg22v', 'y12veqre', 'ujy4i5uu', 'jisznsr3', 'yr27lnq8']
1414	['59u9ezr2', 'jzosdlu7', 'mz1bof2x', 'ledopkwj', '68x50rni']
1415	['ybpev0vi', 'uk6whrhz', 'tloczjn5', 'usr8hzcw', '296lr317']
1416	['yx0u0iyw', 'qexarxjl', 'soz9p0yd', 'ky5env7t', 'n2wqalcu']
1417	['qi1henyy', 'xtraspw2', '0cnjtxyq', 'wq92nfnd', '9pb2eqoa']
1418	['sygm6irl', 'dqhdws5k', 'trmwm9qq', '3m9yonqe', '9aw78s63']
1419	['ea78sjcs', 'h82s5xst', 'p9qeaedh', '25aj8rj5', 't0zphgfl']
1420	['y6jw3gws', '4bbngq0z', 'iyw43izp', 'g5uu01aa', 'zu5mg2im']
1421	['6xxm7hcs', '1a5oy6fr', 'jnwuu08w', 'vuxxerob', 'bu59aji5']
1422	['29z4q4fs', 'zjur5j95', '509h7pnh', 'm4vu77v6', 'i9nchww2']
1423	['630w2rtn', 'mqu6d8sp', 'xhkjbeam', 'cj8djjac', 'vk6rms29']
1424	['4dsq1dds', 's2vckt2w', 's96beqsh', 'qq46f7fu', 'qxxn1zf9']
1425	['wp3rwdum', 'g3ny530a', 'cplyj4dm', 'h4kc04w0', 'p576v9du']
1426	['0illlel7', '3p2cuxk0', 'io6f6z3l', '296lr317', 'bfmcqcq1']
1427	['alt4j58b', 'b7w2n36j', 'etriddkx', 'm72i8vtq', 'ovel2jln']
1428	['m5siraig', 'emg87q94', '57qk34fx', '2ui7z8wi', 'eagkc9ty']
1429	['irx4pcsx', 'v5beddu4', 'anunmmrj', 'yvuie1m8', '9jfclm9c']
1430	['b3doorzq', 'b0545v23', 'jmu2cfnd', 'i6qoo03c', '1f6kq8co']
1431	['ebvarrr7', 'fiiyythk', 'rbxesxf6', 'qc6untrw', 'o0yvgmgh']
1432	['xtmn1n0r', 'x3z7utn4', 'w1bx4a7v', '9pb2eqoa', 'w2c01295']
1433	['urk8aa5b', 'rr0v0ju1', 'nok0yfzv', 'il4wa97x', 'hhg2nyoz']
1434	['y43prnko', 'ximw03ej', '1zuhilmu', 'tl96mvyu', 'ylqpkosd']
1435	['hp62t734', 'ebgu29uh', 'c3a85ld0', 't13pehgc', 'mzekhyu0']
1436	['hh643w7m', 'toj6eqs2', 'x0kcrmol', 'tvhn7lnu', 'unhrmzn5']
1437	['1uabldiq', 'qgwu9fsk', '6r4jyop7', 'mncip6jj', 'n9aqux5a']
1438	['emg87q94', 'qgzc1moh', '2dixw8up', 'qq46f7fu', 'lgtpeqhw']
1439	['0r3l3b88', 'dksw5yzp', 'f5ehif2w', 'urj0nssb', '039k70vs']
1440	['fhxgzm2i', 'bqdvx458', 'hzvqg674', 'zdfx3zo3', 'vstwckpw']
1441	['ragjcn97', '79m3sdfe', 'wb1apvn2', 'ghabnnv0', '4jx0oq65']
1442	['06fwhyac', 'x64zft78', 'ohyvuybc', '8393t8xl', 'lk2snptj']
1443	['32ut5vr7', 'pwb7rw89', 'y6zisciu', '1px7yvew', '0crs45tt']
1444	['st67fvgk', '9rczqcaz', '7ru6tapp', 'wtxhbzr9', 'du8wmh6n']
1445	['leg5ntvu', 'bnhwbaqj', 't22hwoeb', '6gm8kaqi', 'mmr04tsm']
1446	['y33jkc01', 'gk3wr6s1', '3jnhboif', 'iimx8nt8', 'dlwfu274']
